effective_date,symbol,market_cap,roe,debt_to_equity,revenue_growth_yoy,eps_growth_yoy,operating_cash_flow,sector,management_quality_score,earnings_sentiment_score,news_risk_score
2018-12-31,ALPHA.NS,15000000000,0.16,0.08,0.11,0.12,500000000,Technology,0.45,0.44,0.54
2019-03-31,ALPHA.NS,15150000000,0.162,0.08,0.115,0.124,505000000,Technology,0.45,0.48,0.54
2019-06-30,ALPHA.NS,15300000000,0.164,0.08,0.11,0.12,510000000,Technology,0.45,0.52,0.54
2019-09-30,ALPHA.NS,15450000000,0.16,0.08,0.115,0.124,515000000,Technology,0.45,0.56,0.54
2019-12-31,ALPHA.NS,15600000000,0.162,0.08,0.11,0.12,520000000,Technology,0.45,0.44,0.54
2020-03-31,ALPHA.NS,15750000000,0.164,0.08,0.115,0.124,525000000,Technology,0.45,0.48,0.54
2020-06-30,ALPHA.NS,15900000000,0.16,0.08,0.11,0.12,530000000,Technology,0.45,0.52,0.54
2020-09-30,ALPHA.NS,16050000000,0.162,0.08,0.115,0.124,535000000,Technology,0.45,0.56,0.54
2020-12-31,ALPHA.NS,16200000000,0.164,0.08,0.11,0.12,540000000,Technology,0.45,0.44,0.54
2021-03-31,ALPHA.NS,16350000000,0.16,0.08,0.115,0.124,545000000,Technology,0.45,0.48,0.54
2021-06-30,ALPHA.NS,16500000000,0.162,0.08,0.11,0.12,550000000,Technology,0.45,0.52,0.54
2021-09-30,ALPHA.NS,16650000000,0.164,0.08,0.115,0.124,555000000,Technology,0.45,0.56,0.54
2021-12-31,ALPHA.NS,16800000000,0.16,0.08,0.11,0.12,560000000,Technology,0.45,0.44,0.54
2022-03-31,ALPHA.NS,16950000000,0.162,0.08,0.115,0.124,565000000,Technology,0.45,0.48,0.54
2022-06-30,ALPHA.NS,17100000000,0.164,0.08,0.11,0.12,570000000,Technology,0.45,0.52,0.54
2022-09-30,ALPHA.NS,17250000000,0.16,0.08,0.115,0.124,575000000,Technology,0.45,0.56,0.54
2022-12-31,ALPHA.NS,17400000000,0.162,0.08,0.11,0.12,580000000,Technology,0.45,0.44,0.54
2023-03-31,ALPHA.NS,17550000000,0.164,0.08,0.115,0.124,585000000,Technology,0.45,0.48,0.54
2023-06-30,ALPHA.NS,17700000000,0.16,0.08,0.11,0.12,590000000,Technology,0.45,0.52,0.54
2023-09-30,ALPHA.NS,17850000000,0.162,0.08,0.115,0.124,595000000,Technology,0.45,0.56,0.54
2023-12-31,ALPHA.NS,18000000000,0.164,0.08,0.11,0.12,600000000,Technology,0.45,0.44,0.54
2024-03-31,ALPHA.NS,18150000000,0.16,0.08,0.115,0.124,605000000,Technology,0.45,0.48,0.54
2024-06-30,ALPHA.NS,18300000000,0.162,0.08,0.11,0.12,610000000,Technology,0.45,0.52,0.54
2024-09-30,ALPHA.NS,18450000000,0.164,0.08,0.115,0.124,615000000,Technology,0.45,0.56,0.54
2024-12-31,ALPHA.NS,18600000000,0.16,0.08,0.11,0.12,620000000,Technology,0.45,0.44,0.54
2025-03-31,ALPHA.NS,18750000000,0.162,0.08,0.115,0.124,625000000,Technology,0.45,0.48,0.54
2025-06-30,ALPHA.NS,18900000000,0.164,0.08,0.11,0.12,630000000,Technology,0.45,0.52,0.54
2025-09-30,ALPHA.NS,19050000000,0.16,0.08,0.115,0.124,635000000,Technology,0.45,0.56,0.54
2025-12-31,ALPHA.NS,19200000000,0.162,0.08,0.11,0.12,640000000,Technology,0.45,0.44,0.54
2018-12-31,BETA.NS,17000000000,0.175,0.16,0.13,0.138,540000000,Technology,0.51,0.44,0.5
2019-03-31,BETA.NS,17150000000,0.177,0.16,0.135,0.142,545000000,Technology,0.51,0.48,0.5
2019-06-30,BETA.NS,17300000000,0.179,0.16,0.13,0.138,550000000,Technology,0.51,0.52,0.5
2019-09-30,BETA.NS,17450000000,0.175,0.16,0.135,0.142,555000000,Technology,0.51,0.56,0.5
2019-12-31,BETA.NS,17600000000,0.177,0.16,0.13,0.138,560000000,Technology,0.51,0.44,0.5
2020-03-31,BETA.NS,17750000000,0.179,0.16,0.135,0.142,565000000,Technology,0.51,0.48,0.5
2020-06-30,BETA.NS,17900000000,0.175,0.16,0.13,0.138,570000000,Technology,0.51,0.52,0.5
2020-09-30,BETA.NS,18050000000,0.177,0.16,0.135,0.142,575000000,Technology,0.51,0.56,0.5
2020-12-31,BETA.NS,18200000000,0.179,0.16,0.13,0.138,580000000,Technology,0.51,0.44,0.5
2021-03-31,BETA.NS,18350000000,0.175,0.16,0.135,0.142,585000000,Technology,0.51,0.48,0.5
2021-06-30,BETA.NS,18500000000,0.177,0.16,0.13,0.138,590000000,Technology,0.51,0.52,0.5
2021-09-30,BETA.NS,18650000000,0.179,0.16,0.135,0.142,595000000,Technology,0.51,0.56,0.5
2021-12-31,BETA.NS,18800000000,0.175,0.16,0.13,0.138,600000000,Technology,0.51,0.44,0.5
2022-03-31,BETA.NS,18950000000,0.177,0.16,0.135,0.142,605000000,Technology,0.51,0.48,0.5
2022-06-30,BETA.NS,19100000000,0.179,0.16,0.13,0.138,610000000,Technology,0.51,0.52,0.5
2022-09-30,BETA.NS,19250000000,0.175,0.16,0.135,0.142,615000000,Technology,0.51,0.56,0.5
2022-12-31,BETA.NS,19400000000,0.177,0.16,0.13,0.138,620000000,Technology,0.51,0.44,0.5
2023-03-31,BETA.NS,19550000000,0.179,0.16,0.135,0.142,625000000,Technology,0.51,0.48,0.5
2023-06-30,BETA.NS,19700000000,0.175,0.16,0.13,0.138,630000000,Technology,0.51,0.52,0.5
2023-09-30,BETA.NS,19850000000,0.177,0.16,0.135,0.142,635000000,Technology,0.51,0.56,0.5
2023-12-31,BETA.NS,20000000000,0.179,0.16,0.13,0.138,640000000,Technology,0.51,0.44,0.5
2024-03-31,BETA.NS,20150000000,0.175,0.16,0.135,0.142,645000000,Technology,0.51,0.48,0.5
2024-06-30,BETA.NS,20300000000,0.177,0.16,0.13,0.138,650000000,Technology,0.51,0.52,0.5
2024-09-30,BETA.NS,20450000000,0.179,0.16,0.135,0.142,655000000,Technology,0.51,0.56,0.5
2024-12-31,BETA.NS,20600000000,0.175,0.16,0.13,0.138,660000000,Technology,0.51,0.44,0.5
2025-03-31,BETA.NS,20750000000,0.177,0.16,0.135,0.142,665000000,Technology,0.51,0.48,0.5
2025-06-30,BETA.NS,20900000000,0.179,0.16,0.13,0.138,670000000,Technology,0.51,0.52,0.5
2025-09-30,BETA.NS,21050000000,0.175,0.16,0.135,0.142,675000000,Technology,0.51,0.56,0.5
2025-12-31,BETA.NS,21200000000,0.177,0.16,0.13,0.138,680000000,Technology,0.51,0.44,0.5
2018-12-31,GAMMA.NS,19000000000,0.19,0.24,0.15,0.156,580000000,Financials,0.57,0.44,0.46
2019-03-31,GAMMA.NS,19150000000,0.192,0.24,0.155,0.16,585000000,Financials,0.57,0.48,0.46
2019-06-30,GAMMA.NS,19300000000,0.194,0.24,0.15,0.156,590000000,Financials,0.57,0.52,0.46
2019-09-30,GAMMA.NS,19450000000,0.19,0.24,0.155,0.16,595000000,Financials,0.57,0.56,0.46
2019-12-31,GAMMA.NS,19600000000,0.192,0.24,0.15,0.156,600000000,Financials,0.57,0.44,0.46
2020-03-31,GAMMA.NS,19750000000,0.194,0.24,0.155,0.16,605000000,Financials,0.57,0.48,0.46
2020-06-30,GAMMA.NS,19900000000,0.19,0.24,0.15,0.156,610000000,Financials,0.57,0.52,0.46
2020-09-30,GAMMA.NS,20050000000,0.192,0.24,0.155,0.16,615000000,Financials,0.57,0.56,0.46
2020-12-31,GAMMA.NS,20200000000,0.194,0.24,0.15,0.156,620000000,Financials,0.57,0.44,0.46
2021-03-31,GAMMA.NS,20350000000,0.19,0.24,0.155,0.16,625000000,Financials,0.57,0.48,0.46
2021-06-30,GAMMA.NS,20500000000,0.192,0.24,0.15,0.156,630000000,Financials,0.57,0.52,0.46
2021-09-30,GAMMA.NS,20650000000,0.194,0.24,0.155,0.16,635000000,Financials,0.57,0.56,0.46
2021-12-31,GAMMA.NS,20800000000,0.19,0.24,0.15,0.156,640000000,Financials,0.57,0.44,0.46
2022-03-31,GAMMA.NS,20950000000,0.192,0.24,0.155,0.16,645000000,Financials,0.57,0.48,0.46
2022-06-30,GAMMA.NS,21100000000,0.194,0.24,0.15,0.156,650000000,Financials,0.57,0.52,0.46
2022-09-30,GAMMA.NS,21250000000,0.19,0.24,0.155,0.16,655000000,Financials,0.57,0.56,0.46
2022-12-31,GAMMA.NS,21400000000,0.192,0.24,0.15,0.156,660000000,Financials,0.57,0.44,0.46
2023-03-31,GAMMA.NS,21550000000,0.194,0.24,0.155,0.16,665000000,Financials,0.57,0.48,0.46
2023-06-30,GAMMA.NS,21700000000,0.19,0.24,0.15,0.156,670000000,Financials,0.57,0.52,0.46
2023-09-30,GAMMA.NS,21850000000,0.192,0.24,0.155,0.16,675000000,Financials,0.57,0.56,0.46
2023-12-31,GAMMA.NS,22000000000,0.194,0.24,0.15,0.156,680000000,Financials,0.57,0.44,0.46
2024-03-31,GAMMA.NS,22150000000,0.19,0.24,0.155,0.16,685000000,Financials,0.57,0.48,0.46
2024-06-30,GAMMA.NS,22300000000,0.192,0.24,0.15,0.156,690000000,Financials,0.57,0.52,0.46
2024-09-30,GAMMA.NS,22450000000,0.194,0.24,0.155,0.16,695000000,Financials,0.57,0.56,0.46
2024-12-31,GAMMA.NS,22600000000,0.19,0.24,0.15,0.156,700000000,Financials,0.57,0.44,0.46
2025-03-31,GAMMA.NS,22750000000,0.192,0.24,0.155,0.16,705000000,Financials,0.57,0.48,0.46
2025-06-30,GAMMA.NS,22900000000,0.194,0.24,0.15,0.156,710000000,Financials,0.57,0.52,0.46
2025-09-30,GAMMA.NS,23050000000,0.19,0.24,0.155,0.16,715000000,Financials,0.57,0.56,0.46
2025-12-31,GAMMA.NS,23200000000,0.192,0.24,0.15,0.156,720000000,Financials,0.57,0.44,0.46
2018-12-31,DELTA.NS,21000000000,0.205,0.32,0.17,0.174,620000000,Financials,0.63,0.44,0.54
2019-03-31,DELTA.NS,21150000000,0.207,0.32,0.175,0.178,625000000,Financials,0.63,0.48,0.54
2019-06-30,DELTA.NS,21300000000,0.209,0.32,0.17,0.174,630000000,Financials,0.63,0.52,0.54
2019-09-30,DELTA.NS,21450000000,0.205,0.32,0.175,0.178,635000000,Financials,0.63,0.56,0.54
2019-12-31,DELTA.NS,21600000000,0.207,0.32,0.17,0.174,640000000,Financials,0.63,0.44,0.54
2020-03-31,DELTA.NS,21750000000,0.209,0.32,0.175,0.178,645000000,Financials,0.63,0.48,0.54
2020-06-30,DELTA.NS,21900000000,0.205,0.32,0.17,0.174,650000000,Financials,0.63,0.52,0.54
2020-09-30,DELTA.NS,22050000000,0.207,0.32,0.175,0.178,655000000,Financials,0.63,0.56,0.54
2020-12-31,DELTA.NS,22200000000,0.209,0.32,0.17,0.174,660000000,Financials,0.63,0.44,0.54
2021-03-31,DELTA.NS,22350000000,0.205,0.32,0.175,0.178,665000000,Financials,0.63,0.48,0.54
2021-06-30,DELTA.NS,22500000000,0.207,0.32,0.17,0.174,670000000,Financials,0.63,0.52,0.54
2021-09-30,DELTA.NS,22650000000,0.209,0.32,0.175,0.178,675000000,Financials,0.63,0.56,0.54
2021-12-31,DELTA.NS,22800000000,0.205,0.32,0.17,0.174,680000000,Financials,0.63,0.44,0.54
2022-03-31,DELTA.NS,22950000000,0.207,0.32,0.175,0.178,685000000,Financials,0.63,0.48,0.54
2022-06-30,DELTA.NS,23100000000,0.209,0.32,0.17,0.174,690000000,Financials,0.63,0.52,0.54
2022-09-30,DELTA.NS,23250000000,0.205,0.32,0.175,0.178,695000000,Financials,0.63,0.56,0.54
2022-12-31,DELTA.NS,23400000000,0.207,0.32,0.17,0.174,700000000,Financials,0.63,0.44,0.54
2023-03-31,DELTA.NS,23550000000,0.209,0.32,0.175,0.178,705000000,Financials,0.63,0.48,0.54
2023-06-30,DELTA.NS,23700000000,0.205,0.32,0.17,0.174,710000000,Financials,0.63,0.52,0.54
2023-09-30,DELTA.NS,23850000000,0.207,0.32,0.175,0.178,715000000,Financials,0.63,0.56,0.54
2023-12-31,DELTA.NS,24000000000,0.209,0.32,0.17,0.174,720000000,Financials,0.63,0.44,0.54
2024-03-31,DELTA.NS,24150000000,0.205,0.32,0.175,0.178,725000000,Financials,0.63,0.48,0.54
2024-06-30,DELTA.NS,24300000000,0.207,0.32,0.17,0.174,730000000,Financials,0.63,0.52,0.54
2024-09-30,DELTA.NS,24450000000,0.209,0.32,0.175,0.178,735000000,Financials,0.63,0.56,0.54
2024-12-31,DELTA.NS,24600000000,0.205,0.32,0.17,0.174,740000000,Financials,0.63,0.44,0.54
2025-03-31,DELTA.NS,24750000000,0.207,0.32,0.175,0.178,745000000,Financials,0.63,0.48,0.54
2025-06-30,DELTA.NS,24900000000,0.209,0.32,0.17,0.174,750000000,Financials,0.63,0.52,0.54
2025-09-30,DELTA.NS,25050000000,0.205,0.32,0.175,0.178,755000000,Financials,0.63,0.56,0.54
2025-12-31,DELTA.NS,25200000000,0.207,0.32,0.17,0.174,760000000,Financials,0.63,0.44,0.54
2018-12-31,EPSILON.NS,23000000000,0.22,0.08,0.19,0.192,660000000,Industrials,0.69,0.44,0.5
2019-03-31,EPSILON.NS,23150000000,0.222,0.08,0.195,0.196,665000000,Industrials,0.69,0.48,0.5
2019-06-30,EPSILON.NS,23300000000,0.224,0.08,0.19,0.192,670000000,Industrials,0.69,0.52,0.5
2019-09-30,EPSILON.NS,23450000000,0.22,0.08,0.195,0.196,675000000,Industrials,0.69,0.56,0.5
2019-12-31,EPSILON.NS,23600000000,0.222,0.08,0.19,0.192,680000000,Industrials,0.69,0.44,0.5
2020-03-31,EPSILON.NS,23750000000,0.224,0.08,0.195,0.196,685000000,Industrials,0.69,0.48,0.5
2020-06-30,EPSILON.NS,23900000000,0.22,0.08,0.19,0.192,690000000,Industrials,0.69,0.52,0.5
2020-09-30,EPSILON.NS,24050000000,0.222,0.08,0.195,0.196,695000000,Industrials,0.69,0.56,0.5
2020-12-31,EPSILON.NS,24200000000,0.224,0.08,0.19,0.192,700000000,Industrials,0.69,0.44,0.5
2021-03-31,EPSILON.NS,24350000000,0.22,0.08,0.195,0.196,705000000,Industrials,0.69,0.48,0.5
2021-06-30,EPSILON.NS,24500000000,0.222,0.08,0.19,0.192,710000000,Industrials,0.69,0.52,0.5
2021-09-30,EPSILON.NS,24650000000,0.224,0.08,0.195,0.196,715000000,Industrials,0.69,0.56,0.5
2021-12-31,EPSILON.NS,24800000000,0.22,0.08,0.19,0.192,720000000,Industrials,0.69,0.44,0.5
2022-03-31,EPSILON.NS,24950000000,0.222,0.08,0.195,0.196,725000000,Industrials,0.69,0.48,0.5
2022-06-30,EPSILON.NS,25100000000,0.224,0.08,0.19,0.192,730000000,Industrials,0.69,0.52,0.5
2022-09-30,EPSILON.NS,25250000000,0.22,0.08,0.195,0.196,735000000,Industrials,0.69,0.56,0.5
2022-12-31,EPSILON.NS,25400000000,0.222,0.08,0.19,0.192,740000000,Industrials,0.69,0.44,0.5
2023-03-31,EPSILON.NS,25550000000,0.224,0.08,0.195,0.196,745000000,Industrials,0.69,0.48,0.5
2023-06-30,EPSILON.NS,25700000000,0.22,0.08,0.19,0.192,750000000,Industrials,0.69,0.52,0.5
2023-09-30,EPSILON.NS,25850000000,0.222,0.08,0.195,0.196,755000000,Industrials,0.69,0.56,0.5
2023-12-31,EPSILON.NS,26000000000,0.224,0.08,0.19,0.192,760000000,Industrials,0.69,0.44,0.5
2024-03-31,EPSILON.NS,26150000000,0.22,0.08,0.195,0.196,765000000,Industrials,0.69,0.48,0.5
2024-06-30,EPSILON.NS,26300000000,0.222,0.08,0.19,0.192,770000000,Industrials,0.69,0.52,0.5
2024-09-30,EPSILON.NS,26450000000,0.224,0.08,0.195,0.196,775000000,Industrials,0.69,0.56,0.5
2024-12-31,EPSILON.NS,26600000000,0.22,0.08,0.19,0.192,780000000,Industrials,0.69,0.44,0.5
2025-03-31,EPSILON.NS,26750000000,0.222,0.08,0.195,0.196,785000000,Industrials,0.69,0.48,0.5
2025-06-30,EPSILON.NS,26900000000,0.224,0.08,0.19,0.192,790000000,Industrials,0.69,0.52,0.5
2025-09-30,EPSILON.NS,27050000000,0.22,0.08,0.195,0.196,795000000,Industrials,0.69,0.56,0.5
2025-12-31,EPSILON.NS,27200000000,0.222,0.08,0.19,0.192,800000000,Industrials,0.69,0.44,0.5
2018-12-31,ZETA.NS,25000000000,0.16,0.16,0.21,0.12,700000000,Industrials,0.45,0.44,0.46
2019-03-31,ZETA.NS,25150000000,0.162,0.16,0.215,0.124,705000000,Industrials,0.45,0.48,0.46
2019-06-30,ZETA.NS,25300000000,0.164,0.16,0.21,0.12,710000000,Industrials,0.45,0.52,0.46
2019-09-30,ZETA.NS,25450000000,0.16,0.16,0.215,0.124,715000000,Industrials,0.45,0.56,0.46
2019-12-31,ZETA.NS,25600000000,0.162,0.16,0.21,0.12,720000000,Industrials,0.45,0.44,0.46
2020-03-31,ZETA.NS,25750000000,0.164,0.16,0.215,0.124,725000000,Industrials,0.45,0.48,0.46
2020-06-30,ZETA.NS,25900000000,0.16,0.16,0.21,0.12,730000000,Industrials,0.45,0.52,0.46
2020-09-30,ZETA.NS,26050000000,0.162,0.16,0.215,0.124,735000000,Industrials,0.45,0.56,0.46
2020-12-31,ZETA.NS,26200000000,0.164,0.16,0.21,0.12,740000000,Industrials,0.45,0.44,0.46
2021-03-31,ZETA.NS,26350000000,0.16,0.16,0.215,0.124,745000000,Industrials,0.45,0.48,0.46
2021-06-30,ZETA.NS,26500000000,0.162,0.16,0.21,0.12,750000000,Industrials,0.45,0.52,0.46
2021-09-30,ZETA.NS,26650000000,0.164,0.16,0.215,0.124,755000000,Industrials,0.45,0.56,0.46
2021-12-31,ZETA.NS,26800000000,0.16,0.16,0.21,0.12,760000000,Industrials,0.45,0.44,0.46
2022-03-31,ZETA.NS,26950000000,0.162,0.16,0.215,0.124,765000000,Industrials,0.45,0.48,0.46
2022-06-30,ZETA.NS,27100000000,0.164,0.16,0.21,0.12,770000000,Industrials,0.45,0.52,0.46
2022-09-30,ZETA.NS,27250000000,0.16,0.16,0.215,0.124,775000000,Industrials,0.45,0.56,0.46
2022-12-31,ZETA.NS,27400000000,0.162,0.16,0.21,0.12,780000000,Industrials,0.45,0.44,0.46
2023-03-31,ZETA.NS,27550000000,0.164,0.16,0.215,0.124,785000000,Industrials,0.45,0.48,0.46
2023-06-30,ZETA.NS,27700000000,0.16,0.16,0.21,0.12,790000000,Industrials,0.45,0.52,0.46
2023-09-30,ZETA.NS,27850000000,0.162,0.16,0.215,0.124,795000000,Industrials,0.45,0.56,0.46
2023-12-31,ZETA.NS,28000000000,0.164,0.16,0.21,0.12,800000000,Industrials,0.45,0.44,0.46
2024-03-31,ZETA.NS,28150000000,0.16,0.16,0.215,0.124,805000000,Industrials,0.45,0.48,0.46
2024-06-30,ZETA.NS,28300000000,0.162,0.16,0.21,0.12,810000000,Industrials,0.45,0.52,0.46
2024-09-30,ZETA.NS,28450000000,0.164,0.16,0.215,0.124,815000000,Industrials,0.45,0.56,0.46
2024-12-31,ZETA.NS,28600000000,0.16,0.16,0.21,0.12,820000000,Industrials,0.45,0.44,0.46
2025-03-31,ZETA.NS,28750000000,0.162,0.16,0.215,0.124,825000000,Industrials,0.45,0.48,0.46
2025-06-30,ZETA.NS,28900000000,0.164,0.16,0.21,0.12,830000000,Industrials,0.45,0.52,0.46
2025-09-30,ZETA.NS,29050000000,0.16,0.16,0.215,0.124,835000000,Industrials,0.45,0.56,0.46
2025-12-31,ZETA.NS,29200000000,0.162,0.16,0.21,0.12,840000000,Industrials,0.45,0.44,0.46
2018-12-31,ETA.NS,27000000000,0.175,0.24,0.11,0.138,740000000,Healthcare,0.51,0.44,0.54
2019-03-31,ETA.NS,27150000000,0.177,0.24,0.115,0.142,745000000,Healthcare,0.51,0.48,0.54
2019-06-30,ETA.NS,27300000000,0.179,0.24,0.11,0.138,750000000,Healthcare,0.51,0.52,0.54
2019-09-30,ETA.NS,27450000000,0.175,0.24,0.115,0.142,755000000,Healthcare,0.51,0.56,0.54
2019-12-31,ETA.NS,27600000000,0.177,0.24,0.11,0.138,760000000,Healthcare,0.51,0.44,0.54
2020-03-31,ETA.NS,27750000000,0.179,0.24,0.115,0.142,765000000,Healthcare,0.51,0.48,0.54
2020-06-30,ETA.NS,27900000000,0.175,0.24,0.11,0.138,770000000,Healthcare,0.51,0.52,0.54
2020-09-30,ETA.NS,28050000000,0.177,0.24,0.115,0.142,775000000,Healthcare,0.51,0.56,0.54
2020-12-31,ETA.NS,28200000000,0.179,0.24,0.11,0.138,780000000,Healthcare,0.51,0.44,0.54
2021-03-31,ETA.NS,28350000000,0.175,0.24,0.115,0.142,785000000,Healthcare,0.51,0.48,0.54
2021-06-30,ETA.NS,28500000000,0.177,0.24,0.11,0.138,790000000,Healthcare,0.51,0.52,0.54
2021-09-30,ETA.NS,28650000000,0.179,0.24,0.115,0.142,795000000,Healthcare,0.51,0.56,0.54
2021-12-31,ETA.NS,28800000000,0.175,0.24,0.11,0.138,800000000,Healthcare,0.51,0.44,0.54
2022-03-31,ETA.NS,28950000000,0.177,0.24,0.115,0.142,805000000,Healthcare,0.51,0.48,0.54
2022-06-30,ETA.NS,29100000000,0.179,0.24,0.11,0.138,810000000,Healthcare,0.51,0.52,0.54
2022-09-30,ETA.NS,29250000000,0.175,0.24,0.115,0.142,815000000,Healthcare,0.51,0.56,0.54
2022-12-31,ETA.NS,29400000000,0.177,0.24,0.11,0.138,820000000,Healthcare,0.51,0.44,0.54
2023-03-31,ETA.NS,29550000000,0.179,0.24,0.115,0.142,825000000,Healthcare,0.51,0.48,0.54
2023-06-30,ETA.NS,29700000000,0.175,0.24,0.11,0.138,830000000,Healthcare,0.51,0.52,0.54
2023-09-30,ETA.NS,29850000000,0.177,0.24,0.115,0.142,835000000,Healthcare,0.51,0.56,0.54
2023-12-31,ETA.NS,30000000000,0.179,0.24,0.11,0.138,840000000,Healthcare,0.51,0.44,0.54
2024-03-31,ETA.NS,30150000000,0.175,0.24,0.115,0.142,845000000,Healthcare,0.51,0.48,0.54
2024-06-30,ETA.NS,30300000000,0.177,0.24,0.11,0.138,850000000,Healthcare,0.51,0.52,0.54
2024-09-30,ETA.NS,30450000000,0.179,0.24,0.115,0.142,855000000,Healthcare,0.51,0.56,0.54
2024-12-31,ETA.NS,30600000000,0.175,0.24,0.11,0.138,860000000,Healthcare,0.51,0.44,0.54
2025-03-31,ETA.NS,30750000000,0.177,0.24,0.115,0.142,865000000,Healthcare,0.51,0.48,0.54
2025-06-30,ETA.NS,30900000000,0.179,0.24,0.11,0.138,870000000,Healthcare,0.51,0.52,0.54
2025-09-30,ETA.NS,31050000000,0.175,0.24,0.115,0.142,875000000,Healthcare,0.51,0.56,0.54
2025-12-31,ETA.NS,31200000000,0.177,0.24,0.11,0.138,880000000,Healthcare,0.51,0.44,0.54
2018-12-31,THETA.NS,29000000000,0.19,0.32,0.13,0.156,780000000,Healthcare,0.57,0.44,0.5
2019-03-31,THETA.NS,29150000000,0.192,0.32,0.135,0.16,785000000,Healthcare,0.57,0.48,0.5
2019-06-30,THETA.NS,29300000000,0.194,0.32,0.13,0.156,790000000,Healthcare,0.57,0.52,0.5
2019-09-30,THETA.NS,29450000000,0.19,0.32,0.135,0.16,795000000,Healthcare,0.57,0.56,0.5
2019-12-31,THETA.NS,29600000000,0.192,0.32,0.13,0.156,800000000,Healthcare,0.57,0.44,0.5
2020-03-31,THETA.NS,29750000000,0.194,0.32,0.135,0.16,805000000,Healthcare,0.57,0.48,0.5
2020-06-30,THETA.NS,29900000000,0.19,0.32,0.13,0.156,810000000,Healthcare,0.57,0.52,0.5
2020-09-30,THETA.NS,30050000000,0.192,0.32,0.135,0.16,815000000,Healthcare,0.57,0.56,0.5
2020-12-31,THETA.NS,30200000000,0.194,0.32,0.13,0.156,820000000,Healthcare,0.57,0.44,0.5
2021-03-31,THETA.NS,30350000000,0.19,0.32,0.135,0.16,825000000,Healthcare,0.57,0.48,0.5
2021-06-30,THETA.NS,30500000000,0.192,0.32,0.13,0.156,830000000,Healthcare,0.57,0.52,0.5
2021-09-30,THETA.NS,30650000000,0.194,0.32,0.135,0.16,835000000,Healthcare,0.57,0.56,0.5
2021-12-31,THETA.NS,30800000000,0.19,0.32,0.13,0.156,840000000,Healthcare,0.57,0.44,0.5
2022-03-31,THETA.NS,30950000000,0.192,0.32,0.135,0.16,845000000,Healthcare,0.57,0.48,0.5
2022-06-30,THETA.NS,31100000000,0.194,0.32,0.13,0.156,850000000,Healthcare,0.57,0.52,0.5
2022-09-30,THETA.NS,31250000000,0.19,0.32,0.135,0.16,855000000,Healthcare,0.57,0.56,0.5
2022-12-31,THETA.NS,31400000000,0.192,0.32,0.13,0.156,860000000,Healthcare,0.57,0.44,0.5
2023-03-31,THETA.NS,31550000000,0.194,0.32,0.135,0.16,865000000,Healthcare,0.57,0.48,0.5
2023-06-30,THETA.NS,31700000000,0.19,0.32,0.13,0.156,870000000,Healthcare,0.57,0.52,0.5
2023-09-30,THETA.NS,31850000000,0.192,0.32,0.135,0.16,875000000,Healthcare,0.57,0.56,0.5
2023-12-31,THETA.NS,32000000000,0.194,0.32,0.13,0.156,880000000,Healthcare,0.57,0.44,0.5
2024-03-31,THETA.NS,32150000000,0.19,0.32,0.135,0.16,885000000,Healthcare,0.57,0.48,0.5
2024-06-30,THETA.NS,32300000000,0.192,0.32,0.13,0.156,890000000,Healthcare,0.57,0.52,0.5
2024-09-30,THETA.NS,32450000000,0.194,0.32,0.135,0.16,895000000,Healthcare,0.57,0.56,0.5
2024-12-31,THETA.NS,32600000000,0.19,0.32,0.13,0.156,900000000,Healthcare,0.57,0.44,0.5
2025-03-31,THETA.NS,32750000000,0.192,0.32,0.135,0.16,905000000,Healthcare,0.57,0.48,0.5
2025-06-30,THETA.NS,32900000000,0.194,0.32,0.13,0.156,910000000,Healthcare,0.57,0.52,0.5
2025-09-30,THETA.NS,33050000000,0.19,0.32,0.135,0.16,915000000,Healthcare,0.57,0.56,0.5
2025-12-31,THETA.NS,33200000000,0.192,0.32,0.13,0.156,920000000,Healthcare,0.57,0.44,0.5
2018-12-31,IOTA.NS,31000000000,0.205,0.08,0.15,0.174,820000000,Consumer,0.63,0.44,0.46
2019-03-31,IOTA.NS,31150000000,0.207,0.08,0.155,0.178,825000000,Consumer,0.63,0.48,0.46
2019-06-30,IOTA.NS,31300000000,0.209,0.08,0.15,0.174,830000000,Consumer,0.63,0.52,0.46
2019-09-30,IOTA.NS,31450000000,0.205,0.08,0.155,0.178,835000000,Consumer,0.63,0.56,0.46
2019-12-31,IOTA.NS,31600000000,0.207,0.08,0.15,0.174,840000000,Consumer,0.63,0.44,0.46
2020-03-31,IOTA.NS,31750000000,0.209,0.08,0.155,0.178,845000000,Consumer,0.63,0.48,0.46
2020-06-30,IOTA.NS,31900000000,0.205,0.08,0.15,0.174,850000000,Consumer,0.63,0.52,0.46
2020-09-30,IOTA.NS,32050000000,0.207,0.08,0.155,0.178,855000000,Consumer,0.63,0.56,0.46
2020-12-31,IOTA.NS,32200000000,0.209,0.08,0.15,0.174,860000000,Consumer,0.63,0.44,0.46
2021-03-31,IOTA.NS,32350000000,0.205,0.08,0.155,0.178,865000000,Consumer,0.63,0.48,0.46
2021-06-30,IOTA.NS,32500000000,0.207,0.08,0.15,0.174,870000000,Consumer,0.63,0.52,0.46
2021-09-30,IOTA.NS,32650000000,0.209,0.08,0.155,0.178,875000000,Consumer,0.63,0.56,0.46
2021-12-31,IOTA.NS,32800000000,0.205,0.08,0.15,0.174,880000000,Consumer,0.63,0.44,0.46
2022-03-31,IOTA.NS,32950000000,0.207,0.08,0.155,0.178,885000000,Consumer,0.63,0.48,0.46
2022-06-30,IOTA.NS,33100000000,0.209,0.08,0.15,0.174,890000000,Consumer,0.63,0.52,0.46
2022-09-30,IOTA.NS,33250000000,0.205,0.08,0.155,0.178,895000000,Consumer,0.63,0.56,0.46
2022-12-31,IOTA.NS,33400000000,0.207,0.08,0.15,0.174,900000000,Consumer,0.63,0.44,0.46
2023-03-31,IOTA.NS,33550000000,0.209,0.08,0.155,0.178,905000000,Consumer,0.63,0.48,0.46
2023-06-30,IOTA.NS,33700000000,0.205,0.08,0.15,0.174,910000000,Consumer,0.63,0.52,0.46
2023-09-30,IOTA.NS,33850000000,0.207,0.08,0.155,0.178,915000000,Consumer,0.63,0.56,0.46
2023-12-31,IOTA.NS,34000000000,0.209,0.08,0.15,0.174,920000000,Consumer,0.63,0.44,0.46
2024-03-31,IOTA.NS,34150000000,0.205,0.08,0.155,0.178,925000000,Consumer,0.63,0.48,0.46
2024-06-30,IOTA.NS,34300000000,0.207,0.08,0.15,0.174,930000000,Consumer,0.63,0.52,0.46
2024-09-30,IOTA.NS,34450000000,0.209,0.08,0.155,0.178,935000000,Consumer,0.63,0.56,0.46
2024-12-31,IOTA.NS,34600000000,0.205,0.08,0.15,0.174,940000000,Consumer,0.63,0.44,0.46
2025-03-31,IOTA.NS,34750000000,0.207,0.08,0.155,0.178,945000000,Consumer,0.63,0.48,0.46
2025-06-30,IOTA.NS,34900000000,0.209,0.08,0.15,0.174,950000000,Consumer,0.63,0.52,0.46
2025-09-30,IOTA.NS,35050000000,0.205,0.08,0.155,0.178,955000000,Consumer,0.63,0.56,0.46
2025-12-31,IOTA.NS,35200000000,0.207,0.08,0.15,0.174,960000000,Consumer,0.63,0.44,0.46
2018-12-31,KAPPA.NS,33000000000,0.22,0.16,0.17,0.192,860000000,Consumer,0.69,0.44,0.54
2019-03-31,KAPPA.NS,33150000000,0.222,0.16,0.175,0.196,865000000,Consumer,0.69,0.48,0.54
2019-06-30,KAPPA.NS,33300000000,0.224,0.16,0.17,0.192,870000000,Consumer,0.69,0.52,0.54
2019-09-30,KAPPA.NS,33450000000,0.22,0.16,0.175,0.196,875000000,Consumer,0.69,0.56,0.54
2019-12-31,KAPPA.NS,33600000000,0.222,0.16,0.17,0.192,880000000,Consumer,0.69,0.44,0.54
2020-03-31,KAPPA.NS,33750000000,0.224,0.16,0.175,0.196,885000000,Consumer,0.69,0.48,0.54
2020-06-30,KAPPA.NS,33900000000,0.22,0.16,0.17,0.192,890000000,Consumer,0.69,0.52,0.54
2020-09-30,KAPPA.NS,34050000000,0.222,0.16,0.175,0.196,895000000,Consumer,0.69,0.56,0.54
2020-12-31,KAPPA.NS,34200000000,0.224,0.16,0.17,0.192,900000000,Consumer,0.69,0.44,0.54
2021-03-31,KAPPA.NS,34350000000,0.22,0.16,0.175,0.196,905000000,Consumer,0.69,0.48,0.54
2021-06-30,KAPPA.NS,34500000000,0.222,0.16,0.17,0.192,910000000,Consumer,0.69,0.52,0.54
2021-09-30,KAPPA.NS,34650000000,0.224,0.16,0.175,0.196,915000000,Consumer,0.69,0.56,0.54
2021-12-31,KAPPA.NS,34800000000,0.22,0.16,0.17,0.192,920000000,Consumer,0.69,0.44,0.54
2022-03-31,KAPPA.NS,34950000000,0.222,0.16,0.175,0.196,925000000,Consumer,0.69,0.48,0.54
2022-06-30,KAPPA.NS,35100000000,0.224,0.16,0.17,0.192,930000000,Consumer,0.69,0.52,0.54
2022-09-30,KAPPA.NS,35250000000,0.22,0.16,0.175,0.196,935000000,Consumer,0.69,0.56,0.54
2022-12-31,KAPPA.NS,35400000000,0.222,0.16,0.17,0.192,940000000,Consumer,0.69,0.44,0.54
2023-03-31,KAPPA.NS,35550000000,0.224,0.16,0.175,0.196,945000000,Consumer,0.69,0.48,0.54
2023-06-30,KAPPA.NS,35700000000,0.22,0.16,0.17,0.192,950000000,Consumer,0.69,0.52,0.54
2023-09-30,KAPPA.NS,35850000000,0.222,0.16,0.175,0.196,955000000,Consumer,0.69,0.56,0.54
2023-12-31,KAPPA.NS,36000000000,0.224,0.16,0.17,0.192,960000000,Consumer,0.69,0.44,0.54
2024-03-31,KAPPA.NS,36150000000,0.22,0.16,0.175,0.196,965000000,Consumer,0.69,0.48,0.54
2024-06-30,KAPPA.NS,36300000000,0.222,0.16,0.17,0.192,970000000,Consumer,0.69,0.52,0.54
2024-09-30,KAPPA.NS,36450000000,0.224,0.16,0.175,0.196,975000000,Consumer,0.69,0.56,0.54
2024-12-31,KAPPA.NS,36600000000,0.22,0.16,0.17,0.192,980000000,Consumer,0.69,0.44,0.54
2025-03-31,KAPPA.NS,36750000000,0.222,0.16,0.175,0.196,985000000,Consumer,0.69,0.48,0.54
2025-06-30,KAPPA.NS,36900000000,0.224,0.16,0.17,0.192,990000000,Consumer,0.69,0.52,0.54
2025-09-30,KAPPA.NS,37050000000,0.22,0.16,0.175,0.196,995000000,Consumer,0.69,0.56,0.54
2025-12-31,KAPPA.NS,37200000000,0.222,0.16,0.17,0.192,1000000000,Consumer,0.69,0.44,0.54
2018-12-31,LAMBDA.NS,35000000000,0.16,0.24,0.19,0.12,900000000,Energy,0.45,0.44,0.5
2019-03-31,LAMBDA.NS,35150000000,0.162,0.24,0.195,0.124,905000000,Energy,0.45,0.48,0.5
2019-06-30,LAMBDA.NS,35300000000,0.164,0.24,0.19,0.12,910000000,Energy,0.45,0.52,0.5
2019-09-30,LAMBDA.NS,35450000000,0.16,0.24,0.195,0.124,915000000,Energy,0.45,0.56,0.5
2019-12-31,LAMBDA.NS,35600000000,0.162,0.24,0.19,0.12,920000000,Energy,0.45,0.44,0.5
2020-03-31,LAMBDA.NS,35750000000,0.164,0.24,0.195,0.124,925000000,Energy,0.45,0.48,0.5
2020-06-30,LAMBDA.NS,35900000000,0.16,0.24,0.19,0.12,930000000,Energy,0.45,0.52,0.5
2020-09-30,LAMBDA.NS,36050000000,0.162,0.24,0.195,0.124,935000000,Energy,0.45,0.56,0.5
2020-12-31,LAMBDA.NS,36200000000,0.164,0.24,0.19,0.12,940000000,Energy,0.45,0.44,0.5
2021-03-31,LAMBDA.NS,36350000000,0.16,0.24,0.195,0.124,945000000,Energy,0.45,0.48,0.5
2021-06-30,LAMBDA.NS,36500000000,0.162,0.24,0.19,0.12,950000000,Energy,0.45,0.52,0.5
2021-09-30,LAMBDA.NS,36650000000,0.164,0.24,0.195,0.124,955000000,Energy,0.45,0.56,0.5
2021-12-31,LAMBDA.NS,36800000000,0.16,0.24,0.19,0.12,960000000,Energy,0.45,0.44,0.5
2022-03-31,LAMBDA.NS,36950000000,0.162,0.24,0.195,0.124,965000000,Energy,0.45,0.48,0.5
2022-06-30,LAMBDA.NS,37100000000,0.164,0.24,0.19,0.12,970000000,Energy,0.45,0.52,0.5
2022-09-30,LAMBDA.NS,37250000000,0.16,0.24,0.195,0.124,975000000,Energy,0.45,0.56,0.5
2022-12-31,LAMBDA.NS,37400000000,0.162,0.24,0.19,0.12,980000000,Energy,0.45,0.44,0.5
2023-03-31,LAMBDA.NS,37550000000,0.164,0.24,0.195,0.124,985000000,Energy,0.45,0.48,0.5
2023-06-30,LAMBDA.NS,37700000000,0.16,0.24,0.19,0.12,990000000,Energy,0.45,0.52,0.5
2023-09-30,LAMBDA.NS,37850000000,0.162,0.24,0.195,0.124,995000000,Energy,0.45,0.56,0.5
2023-12-31,LAMBDA.NS,38000000000,0.164,0.24,0.19,0.12,1000000000,Energy,0.45,0.44,0.5
2024-03-31,LAMBDA.NS,38150000000,0.16,0.24,0.195,0.124,1005000000,Energy,0.45,0.48,0.5
2024-06-30,LAMBDA.NS,38300000000,0.162,0.24,0.19,0.12,1010000000,Energy,0.45,0.52,0.5
2024-09-30,LAMBDA.NS,38450000000,0.164,0.24,0.195,0.124,1015000000,Energy,0.45,0.56,0.5
2024-12-31,LAMBDA.NS,38600000000,0.16,0.24,0.19,0.12,1020000000,Energy,0.45,0.44,0.5
2025-03-31,LAMBDA.NS,38750000000,0.162,0.24,0.195,0.124,1025000000,Energy,0.45,0.48,0.5
2025-06-30,LAMBDA.NS,38900000000,0.164,0.24,0.19,0.12,1030000000,Energy,0.45,0.52,0.5
2025-09-30,LAMBDA.NS,39050000000,0.16,0.24,0.195,0.124,1035000000,Energy,0.45,0.56,0.5
2025-12-31,LAMBDA.NS,39200000000,0.162,0.24,0.19,0.12,1040000000,Energy,0.45,0.44,0.5
2018-12-31,MU.NS,37000000000,0.175,0.32,0.21,0.138,940000000,Energy,0.51,0.44,0.46
2019-03-31,MU.NS,37150000000,0.177,0.32,0.215,0.142,945000000,Energy,0.51,0.48,0.46
2019-06-30,MU.NS,37300000000,0.179,0.32,0.21,0.138,950000000,Energy,0.51,0.52,0.46
2019-09-30,MU.NS,37450000000,0.175,0.32,0.215,0.142,955000000,Energy,0.51,0.56,0.46
2019-12-31,MU.NS,37600000000,0.177,0.32,0.21,0.138,960000000,Energy,0.51,0.44,0.46
2020-03-31,MU.NS,37750000000,0.179,0.32,0.215,0.142,965000000,Energy,0.51,0.48,0.46
2020-06-30,MU.NS,37900000000,0.175,0.32,0.21,0.138,970000000,Energy,0.51,0.52,0.46
2020-09-30,MU.NS,38050000000,0.177,0.32,0.215,0.142,975000000,Energy,0.51,0.56,0.46
2020-12-31,MU.NS,38200000000,0.179,0.32,0.21,0.138,980000000,Energy,0.51,0.44,0.46
2021-03-31,MU.NS,38350000000,0.175,0.32,0.215,0.142,985000000,Energy,0.51,0.48,0.46
2021-06-30,MU.NS,38500000000,0.177,0.32,0.21,0.138,990000000,Energy,0.51,0.52,0.46
2021-09-30,MU.NS,38650000000,0.179,0.32,0.215,0.142,995000000,Energy,0.51,0.56,0.46
2021-12-31,MU.NS,38800000000,0.175,0.32,0.21,0.138,1000000000,Energy,0.51,0.44,0.46
2022-03-31,MU.NS,38950000000,0.177,0.32,0.215,0.142,1005000000,Energy,0.51,0.48,0.46
2022-06-30,MU.NS,39100000000,0.179,0.32,0.21,0.138,1010000000,Energy,0.51,0.52,0.46
2022-09-30,MU.NS,39250000000,0.175,0.32,0.215,0.142,1015000000,Energy,0.51,0.56,0.46
2022-12-31,MU.NS,39400000000,0.177,0.32,0.21,0.138,1020000000,Energy,0.51,0.44,0.46
2023-03-31,MU.NS,39550000000,0.179,0.32,0.215,0.142,1025000000,Energy,0.51,0.48,0.46
2023-06-30,MU.NS,39700000000,0.175,0.32,0.21,0.138,1030000000,Energy,0.51,0.52,0.46
2023-09-30,MU.NS,39850000000,0.177,0.32,0.215,0.142,1035000000,Energy,0.51,0.56,0.46
2023-12-31,MU.NS,40000000000,0.179,0.32,0.21,0.138,1040000000,Energy,0.51,0.44,0.46
2024-03-31,MU.NS,40150000000,0.175,0.32,0.215,0.142,1045000000,Energy,0.51,0.48,0.46
2024-06-30,MU.NS,40300000000,0.177,0.32,0.21,0.138,1050000000,Energy,0.51,0.52,0.46
2024-09-30,MU.NS,40450000000,0.179,0.32,0.215,0.142,1055000000,Energy,0.51,0.56,0.46
2024-12-31,MU.NS,40600000000,0.175,0.32,0.21,0.138,1060000000,Energy,0.51,0.44,0.46
2025-03-31,MU.NS,40750000000,0.177,0.32,0.215,0.142,1065000000,Energy,0.51,0.48,0.46
2025-06-30,MU.NS,40900000000,0.179,0.32,0.21,0.138,1070000000,Energy,0.51,0.52,0.46
2025-09-30,MU.NS,41050000000,0.175,0.32,0.215,0.142,1075000000,Energy,0.51,0.56,0.46
2025-12-31,MU.NS,41200000000,0.177,0.32,0.21,0.138,1080000000,Energy,0.51,0.44,0.46
2018-12-31,NU.NS,39000000000,0.19,0.08,0.11,0.156,980000000,Materials,0.57,0.44,0.54
2019-03-31,NU.NS,39150000000,0.192,0.08,0.115,0.16,985000000,Materials,0.57,0.48,0.54
2019-06-30,NU.NS,39300000000,0.194,0.08,0.11,0.156,990000000,Materials,0.57,0.52,0.54
2019-09-30,NU.NS,39450000000,0.19,0.08,0.115,0.16,995000000,Materials,0.57,0.56,0.54
2019-12-31,NU.NS,39600000000,0.192,0.08,0.11,0.156,1000000000,Materials,0.57,0.44,0.54
2020-03-31,NU.NS,39750000000,0.194,0.08,0.115,0.16,1005000000,Materials,0.57,0.48,0.54
2020-06-30,NU.NS,39900000000,0.19,0.08,0.11,0.156,1010000000,Materials,0.57,0.52,0.54
2020-09-30,NU.NS,40050000000,0.192,0.08,0.115,0.16,1015000000,Materials,0.57,0.56,0.54
2020-12-31,NU.NS,40200000000,0.194,0.08,0.11,0.156,1020000000,Materials,0.57,0.44,0.54
2021-03-31,NU.NS,40350000000,0.19,0.08,0.115,0.16,1025000000,Materials,0.57,0.48,0.54
2021-06-30,NU.NS,40500000000,0.192,0.08,0.11,0.156,1030000000,Materials,0.57,0.52,0.54
2021-09-30,NU.NS,40650000000,0.194,0.08,0.115,0.16,1035000000,Materials,0.57,0.56,0.54
2021-12-31,NU.NS,40800000000,0.19,0.08,0.11,0.156,1040000000,Materials,0.57,0.44,0.54
2022-03-31,NU.NS,40950000000,0.192,0.08,0.115,0.16,1045000000,Materials,0.57,0.48,0.54
2022-06-30,NU.NS,41100000000,0.194,0.08,0.11,0.156,1050000000,Materials,0.57,0.52,0.54
2022-09-30,NU.NS,41250000000,0.19,0.08,0.115,0.16,1055000000,Materials,0.57,0.56,0.54
2022-12-31,NU.NS,41400000000,0.192,0.08,0.11,0.156,1060000000,Materials,0.57,0.44,0.54
2023-03-31,NU.NS,41550000000,0.194,0.08,0.115,0.16,1065000000,Materials,0.57,0.48,0.54
2023-06-30,NU.NS,41700000000,0.19,0.08,0.11,0.156,1070000000,Materials,0.57,0.52,0.54
2023-09-30,NU.NS,41850000000,0.192,0.08,0.115,0.16,1075000000,Materials,0.57,0.56,0.54
2023-12-31,NU.NS,42000000000,0.194,0.08,0.11,0.156,1080000000,Materials,0.57,0.44,0.54
2024-03-31,NU.NS,42150000000,0.19,0.08,0.115,0.16,1085000000,Materials,0.57,0.48,0.54
2024-06-30,NU.NS,42300000000,0.192,0.08,0.11,0.156,1090000000,Materials,0.57,0.52,0.54
2024-09-30,NU.NS,42450000000,0.194,0.08,0.115,0.16,1095000000,Materials,0.57,0.56,0.54
2024-12-31,NU.NS,42600000000,0.19,0.08,0.11,0.156,1100000000,Materials,0.57,0.44,0.54
2025-03-31,NU.NS,42750000000,0.192,0.08,0.115,0.16,1105000000,Materials,0.57,0.48,0.54
2025-06-30,NU.NS,42900000000,0.194,0.08,0.11,0.156,1110000000,Materials,0.57,0.52,0.54
2025-09-30,NU.NS,43050000000,0.19,0.08,0.115,0.16,1115000000,Materials,0.57,0.56,0.54
2025-12-31,NU.NS,43200000000,0.192,0.08,0.11,0.156,1120000000,Materials,0.57,0.44,0.54
2018-12-31,XI.NS,41000000000,0.205,0.16,0.13,0.174,1020000000,Materials,0.63,0.44,0.5
2019-03-31,XI.NS,41150000000,0.207,0.16,0.135,0.178,1025000000,Materials,0.63,0.48,0.5
2019-06-30,XI.NS,41300000000,0.209,0.16,0.13,0.174,1030000000,Materials,0.63,0.52,0.5
2019-09-30,XI.NS,41450000000,0.205,0.16,0.135,0.178,1035000000,Materials,0.63,0.56,0.5
2019-12-31,XI.NS,41600000000,0.207,0.16,0.13,0.174,1040000000,Materials,0.63,0.44,0.5
2020-03-31,XI.NS,41750000000,0.209,0.16,0.135,0.178,1045000000,Materials,0.63,0.48,0.5
2020-06-30,XI.NS,41900000000,0.205,0.16,0.13,0.174,1050000000,Materials,0.63,0.52,0.5
2020-09-30,XI.NS,42050000000,0.207,0.16,0.135,0.178,1055000000,Materials,0.63,0.56,0.5
2020-12-31,XI.NS,42200000000,0.209,0.16,0.13,0.174,1060000000,Materials,0.63,0.44,0.5
2021-03-31,XI.NS,42350000000,0.205,0.16,0.135,0.178,1065000000,Materials,0.63,0.48,0.5
2021-06-30,XI.NS,42500000000,0.207,0.16,0.13,0.174,1070000000,Materials,0.63,0.52,0.5
2021-09-30,XI.NS,42650000000,0.209,0.16,0.135,0.178,1075000000,Materials,0.63,0.56,0.5
2021-12-31,XI.NS,42800000000,0.205,0.16,0.13,0.174,1080000000,Materials,0.63,0.44,0.5
2022-03-31,XI.NS,42950000000,0.207,0.16,0.135,0.178,1085000000,Materials,0.63,0.48,0.5
2022-06-30,XI.NS,43100000000,0.209,0.16,0.13,0.174,1090000000,Materials,0.63,0.52,0.5
2022-09-30,XI.NS,43250000000,0.205,0.16,0.135,0.178,1095000000,Materials,0.63,0.56,0.5
2022-12-31,XI.NS,43400000000,0.207,0.16,0.13,0.174,1100000000,Materials,0.63,0.44,0.5
2023-03-31,XI.NS,43550000000,0.209,0.16,0.135,0.178,1105000000,Materials,0.63,0.48,0.5
2023-06-30,XI.NS,43700000000,0.205,0.16,0.13,0.174,1110000000,Materials,0.63,0.52,0.5
2023-09-30,XI.NS,43850000000,0.207,0.16,0.135,0.178,1115000000,Materials,0.63,0.56,0.5
2023-12-31,XI.NS,44000000000,0.209,0.16,0.13,0.174,1120000000,Materials,0.63,0.44,0.5
2024-03-31,XI.NS,44150000000,0.205,0.16,0.135,0.178,1125000000,Materials,0.63,0.48,0.5
2024-06-30,XI.NS,44300000000,0.207,0.16,0.13,0.174,1130000000,Materials,0.63,0.52,0.5
2024-09-30,XI.NS,44450000000,0.209,0.16,0.135,0.178,1135000000,Materials,0.63,0.56,0.5
2024-12-31,XI.NS,44600000000,0.205,0.16,0.13,0.174,1140000000,Materials,0.63,0.44,0.5
2025-03-31,XI.NS,44750000000,0.207,0.16,0.135,0.178,1145000000,Materials,0.63,0.48,0.5
2025-06-30,XI.NS,44900000000,0.209,0.16,0.13,0.174,1150000000,Materials,0.63,0.52,0.5
2025-09-30,XI.NS,45050000000,0.205,0.16,0.135,0.178,1155000000,Materials,0.63,0.56,0.5
2025-12-31,XI.NS,45200000000,0.207,0.16,0.13,0.174,1160000000,Materials,0.63,0.44,0.5
2018-12-31,OMICRON.NS,43000000000,0.22,0.24,0.15,0.192,1060000000,Utilities,0.69,0.44,0.46
2019-03-31,OMICRON.NS,43150000000,0.222,0.24,0.155,0.196,1065000000,Utilities,0.69,0.48,0.46
2019-06-30,OMICRON.NS,43300000000,0.224,0.24,0.15,0.192,1070000000,Utilities,0.69,0.52,0.46
2019-09-30,OMICRON.NS,43450000000,0.22,0.24,0.155,0.196,1075000000,Utilities,0.69,0.56,0.46
2019-12-31,OMICRON.NS,43600000000,0.222,0.24,0.15,0.192,1080000000,Utilities,0.69,0.44,0.46
2020-03-31,OMICRON.NS,43750000000,0.224,0.24,0.155,0.196,1085000000,Utilities,0.69,0.48,0.46
2020-06-30,OMICRON.NS,43900000000,0.22,0.24,0.15,0.192,1090000000,Utilities,0.69,0.52,0.46
2020-09-30,OMICRON.NS,44050000000,0.222,0.24,0.155,0.196,1095000000,Utilities,0.69,0.56,0.46
2020-12-31,OMICRON.NS,44200000000,0.224,0.24,0.15,0.192,1100000000,Utilities,0.69,0.44,0.46
2021-03-31,OMICRON.NS,44350000000,0.22,0.24,0.155,0.196,1105000000,Utilities,0.69,0.48,0.46
2021-06-30,OMICRON.NS,44500000000,0.222,0.24,0.15,0.192,1110000000,Utilities,0.69,0.52,0.46
2021-09-30,OMICRON.NS,44650000000,0.224,0.24,0.155,0.196,1115000000,Utilities,0.69,0.56,0.46
2021-12-31,OMICRON.NS,44800000000,0.22,0.24,0.15,0.192,1120000000,Utilities,0.69,0.44,0.46
2022-03-31,OMICRON.NS,44950000000,0.222,0.24,0.155,0.196,1125000000,Utilities,0.69,0.48,0.46
2022-06-30,OMICRON.NS,45100000000,0.224,0.24,0.15,0.192,1130000000,Utilities,0.69,0.52,0.46
2022-09-30,OMICRON.NS,45250000000,0.22,0.24,0.155,0.196,1135000000,Utilities,0.69,0.56,0.46
2022-12-31,OMICRON.NS,45400000000,0.222,0.24,0.15,0.192,1140000000,Utilities,0.69,0.44,0.46
2023-03-31,OMICRON.NS,45550000000,0.224,0.24,0.155,0.196,1145000000,Utilities,0.69,0.48,0.46
2023-06-30,OMICRON.NS,45700000000,0.22,0.24,0.15,0.192,1150000000,Utilities,0.69,0.52,0.46
2023-09-30,OMICRON.NS,45850000000,0.222,0.24,0.155,0.196,1155000000,Utilities,0.69,0.56,0.46
2023-12-31,OMICRON.NS,46000000000,0.224,0.24,0.15,0.192,1160000000,Utilities,0.69,0.44,0.46
2024-03-31,OMICRON.NS,46150000000,0.22,0.24,0.155,0.196,1165000000,Utilities,0.69,0.48,0.46
2024-06-30,OMICRON.NS,46300000000,0.222,0.24,0.15,0.192,1170000000,Utilities,0.69,0.52,0.46
2024-09-30,OMICRON.NS,46450000000,0.224,0.24,0.155,0.196,1175000000,Utilities,0.69,0.56,0.46
2024-12-31,OMICRON.NS,46600000000,0.22,0.24,0.15,0.192,1180000000,Utilities,0.69,0.44,0.46
2025-03-31,OMICRON.NS,46750000000,0.222,0.24,0.155,0.196,1185000000,Utilities,0.69,0.48,0.46
2025-06-30,OMICRON.NS,46900000000,0.224,0.24,0.15,0.192,1190000000,Utilities,0.69,0.52,0.46
2025-09-30,OMICRON.NS,47050000000,0.22,0.24,0.155,0.196,1195000000,Utilities,0.69,0.56,0.46
2025-12-31,OMICRON.NS,47200000000,0.222,0.24,0.15,0.192,1200000000,Utilities,0.69,0.44,0.46
2018-12-31,PI.NS,45000000000,0.16,0.32,0.17,0.12,1100000000,Utilities,0.45,0.44,0.54
2019-03-31,PI.NS,45150000000,0.162,0.32,0.175,0.124,1105000000,Utilities,0.45,0.48,0.54
2019-06-30,PI.NS,45300000000,0.164,0.32,0.17,0.12,1110000000,Utilities,0.45,0.52,0.54
2019-09-30,PI.NS,45450000000,0.16,0.32,0.175,0.124,1115000000,Utilities,0.45,0.56,0.54
2019-12-31,PI.NS,45600000000,0.162,0.32,0.17,0.12,1120000000,Utilities,0.45,0.44,0.54
2020-03-31,PI.NS,45750000000,0.164,0.32,0.175,0.124,1125000000,Utilities,0.45,0.48,0.54
2020-06-30,PI.NS,45900000000,0.16,0.32,0.17,0.12,1130000000,Utilities,0.45,0.52,0.54
2020-09-30,PI.NS,46050000000,0.162,0.32,0.175,0.124,1135000000,Utilities,0.45,0.56,0.54
2020-12-31,PI.NS,46200000000,0.164,0.32,0.17,0.12,1140000000,Utilities,0.45,0.44,0.54
2021-03-31,PI.NS,46350000000,0.16,0.32,0.175,0.124,1145000000,Utilities,0.45,0.48,0.54
2021-06-30,PI.NS,46500000000,0.162,0.32,0.17,0.12,1150000000,Utilities,0.45,0.52,0.54
2021-09-30,PI.NS,46650000000,0.164,0.32,0.175,0.124,1155000000,Utilities,0.45,0.56,0.54
2021-12-31,PI.NS,46800000000,0.16,0.32,0.17,0.12,1160000000,Utilities,0.45,0.44,0.54
2022-03-31,PI.NS,46950000000,0.162,0.32,0.175,0.124,1165000000,Utilities,0.45,0.48,0.54
2022-06-30,PI.NS,47100000000,0.164,0.32,0.17,0.12,1170000000,Utilities,0.45,0.52,0.54
2022-09-30,PI.NS,47250000000,0.16,0.32,0.175,0.124,1175000000,Utilities,0.45,0.56,0.54
2022-12-31,PI.NS,47400000000,0.162,0.32,0.17,0.12,1180000000,Utilities,0.45,0.44,0.54
2023-03-31,PI.NS,47550000000,0.164,0.32,0.175,0.124,1185000000,Utilities,0.45,0.48,0.54
2023-06-30,PI.NS,47700000000,0.16,0.32,0.17,0.12,1190000000,Utilities,0.45,0.52,0.54
2023-09-30,PI.NS,47850000000,0.162,0.32,0.175,0.124,1195000000,Utilities,0.45,0.56,0.54
2023-12-31,PI.NS,48000000000,0.164,0.32,0.17,0.12,1200000000,Utilities,0.45,0.44,0.54
2024-03-31,PI.NS,48150000000,0.16,0.32,0.175,0.124,1205000000,Utilities,0.45,0.48,0.54
2024-06-30,PI.NS,48300000000,0.162,0.32,0.17,0.12,1210000000,Utilities,0.45,0.52,0.54
2024-09-30,PI.NS,48450000000,0.164,0.32,0.175,0.124,1215000000,Utilities,0.45,0.56,0.54
2024-12-31,PI.NS,48600000000,0.16,0.32,0.17,0.12,1220000000,Utilities,0.45,0.44,0.54
2025-03-31,PI.NS,48750000000,0.162,0.32,0.175,0.124,1225000000,Utilities,0.45,0.48,0.54
2025-06-30,PI.NS,48900000000,0.164,0.32,0.17,0.12,1230000000,Utilities,0.45,0.52,0.54
2025-09-30,PI.NS,49050000000,0.16,0.32,0.175,0.124,1235000000,Utilities,0.45,0.56,0.54
2025-12-31,PI.NS,49200000000,0.162,0.32,0.17,0.12,1240000000,Utilities,0.45,0.44,0.54
2018-12-31,RHO.NS,47000000000,0.175,0.08,0.19,0.138,1140000000,Realty,0.51,0.44,0.5
2019-03-31,RHO.NS,47150000000,0.177,0.08,0.195,0.142,1145000000,Realty,0.51,0.48,0.5
2019-06-30,RHO.NS,47300000000,0.179,0.08,0.19,0.138,1150000000,Realty,0.51,0.52,0.5
2019-09-30,RHO.NS,47450000000,0.175,0.08,0.195,0.142,1155000000,Realty,0.51,0.56,0.5
2019-12-31,RHO.NS,47600000000,0.177,0.08,0.19,0.138,1160000000,Realty,0.51,0.44,0.5
2020-03-31,RHO.NS,47750000000,0.179,0.08,0.195,0.142,1165000000,Realty,0.51,0.48,0.5
2020-06-30,RHO.NS,47900000000,0.175,0.08,0.19,0.138,1170000000,Realty,0.51,0.52,0.5
2020-09-30,RHO.NS,48050000000,0.177,0.08,0.195,0.142,1175000000,Realty,0.51,0.56,0.5
2020-12-31,RHO.NS,48200000000,0.179,0.08,0.19,0.138,1180000000,Realty,0.51,0.44,0.5
2021-03-31,RHO.NS,48350000000,0.175,0.08,0.195,0.142,1185000000,Realty,0.51,0.48,0.5
2021-06-30,RHO.NS,48500000000,0.177,0.08,0.19,0.138,1190000000,Realty,0.51,0.52,0.5
2021-09-30,RHO.NS,48650000000,0.179,0.08,0.195,0.142,1195000000,Realty,0.51,0.56,0.5
2021-12-31,RHO.NS,48800000000,0.175,0.08,0.19,0.138,1200000000,Realty,0.51,0.44,0.5
2022-03-31,RHO.NS,48950000000,0.177,0.08,0.195,0.142,1205000000,Realty,0.51,0.48,0.5
2022-06-30,RHO.NS,49100000000,0.179,0.08,0.19,0.138,1210000000,Realty,0.51,0.52,0.5
2022-09-30,RHO.NS,49250000000,0.175,0.08,0.195,0.142,1215000000,Realty,0.51,0.56,0.5
2022-12-31,RHO.NS,49400000000,0.177,0.08,0.19,0.138,1220000000,Realty,0.51,0.44,0.5
2023-03-31,RHO.NS,49550000000,0.179,0.08,0.195,0.142,1225000000,Realty,0.51,0.48,0.5
2023-06-30,RHO.NS,49700000000,0.175,0.08,0.19,0.138,1230000000,Realty,0.51,0.52,0.5
2023-09-30,RHO.NS,49850000000,0.177,0.08,0.195,0.142,1235000000,Realty,0.51,0.56,0.5
2023-12-31,RHO.NS,50000000000,0.179,0.08,0.19,0.138,1240000000,Realty,0.51,0.44,0.5
2024-03-31,RHO.NS,50150000000,0.175,0.08,0.195,0.142,1245000000,Realty,0.51,0.48,0.5
2024-06-30,RHO.NS,50300000000,0.177,0.08,0.19,0.138,1250000000,Realty,0.51,0.52,0.5
2024-09-30,RHO.NS,50450000000,0.179,0.08,0.195,0.142,1255000000,Realty,0.51,0.56,0.5
2024-12-31,RHO.NS,50600000000,0.175,0.08,0.19,0.138,1260000000,Realty,0.51,0.44,0.5
2025-03-31,RHO.NS,50750000000,0.177,0.08,0.195,0.142,1265000000,Realty,0.51,0.48,0.5
2025-06-30,RHO.NS,50900000000,0.179,0.08,0.19,0.138,1270000000,Realty,0.51,0.52,0.5
2025-09-30,RHO.NS,51050000000,0.175,0.08,0.195,0.142,1275000000,Realty,0.51,0.56,0.5
2025-12-31,RHO.NS,51200000000,0.177,0.08,0.19,0.138,1280000000,Realty,0.51,0.44,0.5
2018-12-31,SIGMA.NS,49000000000,0.19,0.16,0.21,0.156,1180000000,Telecom,0.57,0.44,0.46
2019-03-31,SIGMA.NS,49150000000,0.192,0.16,0.215,0.16,1185000000,Telecom,0.57,0.48,0.46
2019-06-30,SIGMA.NS,49300000000,0.194,0.16,0.21,0.156,1190000000,Telecom,0.57,0.52,0.46
2019-09-30,SIGMA.NS,49450000000,0.19,0.16,0.215,0.16,1195000000,Telecom,0.57,0.56,0.46
2019-12-31,SIGMA.NS,49600000000,0.192,0.16,0.21,0.156,1200000000,Telecom,0.57,0.44,0.46
2020-03-31,SIGMA.NS,49750000000,0.194,0.16,0.215,0.16,1205000000,Telecom,0.57,0.48,0.46
2020-06-30,SIGMA.NS,49900000000,0.19,0.16,0.21,0.156,1210000000,Telecom,0.57,0.52,0.46
2020-09-30,SIGMA.NS,50050000000,0.192,0.16,0.215,0.16,1215000000,Telecom,0.57,0.56,0.46
2020-12-31,SIGMA.NS,50200000000,0.194,0.16,0.21,0.156,1220000000,Telecom,0.57,0.44,0.46
2021-03-31,SIGMA.NS,50350000000,0.19,0.16,0.215,0.16,1225000000,Telecom,0.57,0.48,0.46
2021-06-30,SIGMA.NS,50500000000,0.192,0.16,0.21,0.156,1230000000,Telecom,0.57,0.52,0.46
2021-09-30,SIGMA.NS,50650000000,0.194,0.16,0.215,0.16,1235000000,Telecom,0.57,0.56,0.46
2021-12-31,SIGMA.NS,50800000000,0.19,0.16,0.21,0.156,1240000000,Telecom,0.57,0.44,0.46
2022-03-31,SIGMA.NS,50950000000,0.192,0.16,0.215,0.16,1245000000,Telecom,0.57,0.48,0.46
2022-06-30,SIGMA.NS,51100000000,0.194,0.16,0.21,0.156,1250000000,Telecom,0.57,0.52,0.46
2022-09-30,SIGMA.NS,51250000000,0.19,0.16,0.215,0.16,1255000000,Telecom,0.57,0.56,0.46
2022-12-31,SIGMA.NS,51400000000,0.192,0.16,0.21,0.156,1260000000,Telecom,0.57,0.44,0.46
2023-03-31,SIGMA.NS,51550000000,0.194,0.16,0.215,0.16,1265000000,Telecom,0.57,0.48,0.46
2023-06-30,SIGMA.NS,51700000000,0.19,0.16,0.21,0.156,1270000000,Telecom,0.57,0.52,0.46
2023-09-30,SIGMA.NS,51850000000,0.192,0.16,0.215,0.16,1275000000,Telecom,0.57,0.56,0.46
2023-12-31,SIGMA.NS,52000000000,0.194,0.16,0.21,0.156,1280000000,Telecom,0.57,0.44,0.46
2024-03-31,SIGMA.NS,52150000000,0.19,0.16,0.215,0.16,1285000000,Telecom,0.57,0.48,0.46
2024-06-30,SIGMA.NS,52300000000,0.192,0.16,0.21,0.156,1290000000,Telecom,0.57,0.52,0.46
2024-09-30,SIGMA.NS,52450000000,0.194,0.16,0.215,0.16,1295000000,Telecom,0.57,0.56,0.46
2024-12-31,SIGMA.NS,52600000000,0.19,0.16,0.21,0.156,1300000000,Telecom,0.57,0.44,0.46
2025-03-31,SIGMA.NS,52750000000,0.192,0.16,0.215,0.16,1305000000,Telecom,0.57,0.48,0.46
2025-06-30,SIGMA.NS,52900000000,0.194,0.16,0.21,0.156,1310000000,Telecom,0.57,0.52,0.46
2025-09-30,SIGMA.NS,53050000000,0.19,0.16,0.215,0.16,1315000000,Telecom,0.57,0.56,0.46
2025-12-31,SIGMA.NS,53200000000,0.192,0.16,0.21,0.156,1320000000,Telecom,0.57,0.44,0.46
