ticker,company_name,start_date,end_date,source,notes,sector
360ONE.NS,360 ONE WAM Ltd.,2019-09-19,,wikipedia_current_nifty500_snapshot,Current constituent snapshot projected backward from the earliest available price date.,Financial Services
3MINDIA.NS,3M India Ltd.,2002-07-01,,wikipedia_current_nifty500_snapshot,Current constituent snapshot projected backward from the earliest available price date.,Diversified
AARTIIND.NS,Aarti Industries Ltd.,2002-07-01,,wikipedia_current_nifty500_snapshot,Current constituent snapshot projected backward from the earliest available price date.,Chemicals
AAVAS.NS,Aavas Financiers Ltd.,2018-10-08,,wikipedia_current_nifty500_snapshot,Current constituent snapshot projected backward from the earliest available price date.,Financial Services
ABB.NS,ABB India Ltd.,2002-07-01,,wikipedia_current_nifty500_snapshot,Current constituent snapshot projected backward from the earliest available price date.,Capital Goods
ABBOTINDIA.NS,Abbott India Ltd.,2002-08-12,,wikipedia_current_nifty500_snapshot,Current constituent snapshot projected backward from the earliest available price date.,Healthcare
ABCAPITAL.NS,Aditya Birla Capital Ltd.,2017-09-01,,wikipedia_current_nifty500_snapshot,Current constituent snapshot projected backward from the earliest available price date.,Financial Services
ABFRL.NS,Aditya Birla Fashion and Retail Ltd.,2013-07-17,,wikipedia_current_nifty500_snapshot,Current constituent snapshot projected backward from the earliest available price date.,Consumer Services
ABREL.NS,Aditya Birla Real Estate Ltd.,1996-01-01,,wikipedia_current_nifty500_snapshot,Current constituent snapshot projected backward from the earliest available price date.,Forest Materials
ACC.NS,ACC Ltd.,2002-07-01,,wikipedia_current_nifty500_snapshot,Current constituent snapshot projected backward from the earliest available price date.,Construction Materials
ACE.NS,Action Construction Equipment Ltd.,2006-09-26,,wikipedia_current_nifty500_snapshot,Current constituent snapshot projected backward from the earliest available price date.,Capital Goods
ACI.NS,Archean Chemical Industries Ltd.,2022-11-21,,wikipedia_current_nifty500_snapshot,Current constituent snapshot projected backward from the earliest available price date.,Chemicals
ADANIENSOL.NS,Adani Energy Solutions Ltd.,2015-07-31,,wikipedia_current_nifty500_snapshot,Current constituent snapshot projected backward from the earliest available price date.,Power
ADANIENT.NS,Adani Enterprises Ltd.,2002-07-01,,wikipedia_current_nifty500_snapshot,Current constituent snapshot projected backward from the earliest available price date.,Metals & Mining
ADANIGREEN.NS,Adani Green Energy Ltd.,2018-06-18,,wikipedia_current_nifty500_snapshot,Current constituent snapshot projected backward from the earliest available price date.,Power
ADANIPORTS.NS,Adani Ports and Special Economic Zone Ltd.,2007-11-27,,wikipedia_current_nifty500_snapshot,Current constituent snapshot projected backward from the earliest available price date.,Services
ADANIPOWER.NS,Adani Power Ltd.,2009-08-20,,wikipedia_current_nifty500_snapshot,Current constituent snapshot projected backward from the earliest available price date.,Power
AEGISLOG.NS,Aegis Logistics Ltd.,2002-07-01,,wikipedia_current_nifty500_snapshot,Current constituent snapshot projected backward from the earliest available price date.,Oil Gas & Consumable Fuels
AETHER.NS,Aether Industries Ltd.,2022-06-03,,wikipedia_current_nifty500_snapshot,Current constituent snapshot projected backward from the earliest available price date.,Chemicals
AFFLE.NS,Affle (India) Ltd.,2019-08-08,,wikipedia_current_nifty500_snapshot,Current constituent snapshot projected backward from the earliest available price date.,Information Technology
AIAENG.NS,AIA Engineering Ltd.,2005-12-14,,wikipedia_current_nifty500_snapshot,Current constituent snapshot projected backward from the earliest available price date.,Capital Goods
AJANTPHARM.NS,Ajanta Pharmaceuticals Ltd.,2002-07-01,,wikipedia_current_nifty500_snapshot,Current constituent snapshot projected backward from the earliest available price date.,Healthcare
ALIVUS.NS,Glenmark Life Sciences Ltd. REBRANDED AS ALIVUS,2021-08-06,,wikipedia_current_nifty500_snapshot,Current constituent snapshot projected backward from the earliest available price date.,Healthcare
ALKEM.NS,Alkem Laboratories Ltd.,2015-12-23,,wikipedia_current_nifty500_snapshot,Current constituent snapshot projected backward from the earliest available price date.,Healthcare
ALKYLAMINE.NS,Alkyl Amines Chemicals Ltd.,2007-11-26,,wikipedia_current_nifty500_snapshot,Current constituent snapshot projected backward from the earliest available price date.,Chemicals
ALLCARGO.NS,Allcargo Logistics Ltd.,2006-06-23,,wikipedia_current_nifty500_snapshot,Current constituent snapshot projected backward from the earliest available price date.,Services
ALOKINDS.NS,Alok Industries Ltd.,1996-01-02,,wikipedia_current_nifty500_snapshot,Current constituent snapshot projected backward from the earliest available price date.,Textiles
AMBER.NS,Amber Enterprises India Ltd.,2018-01-30,,wikipedia_current_nifty500_snapshot,Current constituent snapshot projected backward from the earliest available price date.,Consumer Durables
AMBUJACEM.NS,Ambuja Cements Ltd.,2002-07-01,,wikipedia_current_nifty500_snapshot,Current constituent snapshot projected backward from the earliest available price date.,Construction Materials
ANANDRATHI.NS,Anand Rathi Wealth Ltd.,2021-12-14,,wikipedia_current_nifty500_snapshot,Current constituent snapshot projected backward from the earliest available price date.,Financial Services
ANGELONE.NS,Angel One Ltd.,2020-10-05,,wikipedia_current_nifty500_snapshot,Current constituent snapshot projected backward from the earliest available price date.,Financial Services
ANURAS.NS,Anupam Rasayan India Ltd.,2021-03-24,,wikipedia_current_nifty500_snapshot,Current constituent snapshot projected backward from the earliest available price date.,Chemicals
APARINDS.NS,Apar Industries Ltd.,2004-07-12,,wikipedia_current_nifty500_snapshot,Current constituent snapshot projected backward from the earliest available price date.,Capital Goods
APLAPOLLO.NS,APL Apollo Tubes Ltd.,2011-12-14,,wikipedia_current_nifty500_snapshot,Current constituent snapshot projected backward from the earliest available price date.,Capital Goods
APLLTD.NS,Alembic Pharmaceuticals Ltd.,2011-09-20,,wikipedia_current_nifty500_snapshot,Current constituent snapshot projected backward from the earliest available price date.,Healthcare
APOLLOHOSP.NS,Apollo Hospitals Enterprise Ltd.,2002-07-01,,wikipedia_current_nifty500_snapshot,Current constituent snapshot projected backward from the earliest available price date.,Healthcare
APOLLOTYRE.NS,Apollo Tyres Ltd.,2002-01-01,,wikipedia_current_nifty500_snapshot,Current constituent snapshot projected backward from the earliest available price date.,Automobile and Auto Components
APTUS.NS,Aptus Value Housing Finance India Ltd.,2021-08-24,,wikipedia_current_nifty500_snapshot,Current constituent snapshot projected backward from the earliest available price date.,Financial Services
ARE&M.NS,Amara Raja Energy & Mobility Ltd.,2002-07-01,,wikipedia_current_nifty500_snapshot,Current constituent snapshot projected backward from the earliest available price date.,Automobile and Auto Components
ASAHIINDIA.NS,Asahi India Glass Ltd.,2002-07-01,,wikipedia_current_nifty500_snapshot,Current constituent snapshot projected backward from the earliest available price date.,Automobile and Auto Components
ASHOKLEY.NS,Ashok Leyland Ltd.,2002-07-01,,wikipedia_current_nifty500_snapshot,Current constituent snapshot projected backward from the earliest available price date.,Capital Goods
ASIANPAINT.NS,Asian Paints Ltd.,2002-07-01,,wikipedia_current_nifty500_snapshot,Current constituent snapshot projected backward from the earliest available price date.,Consumer Durables
ASTERDM.NS,Aster DM Healthcare Ltd.,2018-02-26,,wikipedia_current_nifty500_snapshot,Current constituent snapshot projected backward from the earliest available price date.,Healthcare
ASTRAL.NS,Astral Ltd.,2007-03-20,,wikipedia_current_nifty500_snapshot,Current constituent snapshot projected backward from the earliest available price date.,Capital Goods
ASTRAZEN.NS,AstraZenca Pharma India Ltd.,2002-07-01,,wikipedia_current_nifty500_snapshot,Current constituent snapshot projected backward from the earliest available price date.,Healthcare
ATGL.NS,Adani Total Gas Ltd.,2018-11-05,,wikipedia_current_nifty500_snapshot,Current constituent snapshot projected backward from the earliest available price date.,Oil Gas & Consumable Fuels
ATUL.NS,Atul Ltd.,2002-07-01,,wikipedia_current_nifty500_snapshot,Current constituent snapshot projected backward from the earliest available price date.,Chemicals
AUBANK.NS,AU Small Finance Bank Ltd.,2017-07-11,,wikipedia_current_nifty500_snapshot,Current constituent snapshot projected backward from the earliest available price date.,Financial Services
AUROPHARMA.NS,Aurobindo Pharma Ltd.,1996-01-15,,wikipedia_current_nifty500_snapshot,Current constituent snapshot projected backward from the earliest available price date.,Healthcare
AVANTIFEED.NS,Avanti Feeds Ltd.,2010-01-08,,wikipedia_current_nifty500_snapshot,Current constituent snapshot projected backward from the earliest available price date.,Fast Moving Consumer Goods
AWL.NS,Adani Wilmar Ltd.,2022-02-08,,wikipedia_current_nifty500_snapshot,Current constituent snapshot projected backward from the earliest available price date.,Fast Moving Consumer Goods
AXISBANK.NS,Axis Bank Ltd.,1998-11-27,,wikipedia_current_nifty500_snapshot,Current constituent snapshot projected backward from the earliest available price date.,Financial Services
BAJAJ-AUTO.NS,Bajaj Auto Ltd.,2002-07-01,,wikipedia_current_nifty500_snapshot,Current constituent snapshot projected backward from the earliest available price date.,Automobile and Auto Components
BAJAJFINSV.NS,Bajaj Finserv Ltd.,2002-08-12,,wikipedia_current_nifty500_snapshot,Current constituent snapshot projected backward from the earliest available price date.,Financial Services
BAJAJHLDNG.NS,Bajaj Holdings & Investment Ltd.,2002-08-12,,wikipedia_current_nifty500_snapshot,Current constituent snapshot projected backward from the earliest available price date.,Financial Services
BAJFINANCE.NS,Bajaj Finance Ltd.,2002-07-01,,wikipedia_current_nifty500_snapshot,Current constituent snapshot projected backward from the earliest available price date.,Financial Services
BALAMINES.NS,Balaji Amines Ltd.,2007-04-05,,wikipedia_current_nifty500_snapshot,Current constituent snapshot projected backward from the earliest available price date.,Chemicals
BALKRISIND.NS,Balkrishna Industries Ltd.,2006-01-27,,wikipedia_current_nifty500_snapshot,Current constituent snapshot projected backward from the earliest available price date.,Automobile and Auto Components
BALRAMCHIN.NS,Balrampur Chini Mills Ltd.,2002-07-01,,wikipedia_current_nifty500_snapshot,Current constituent snapshot projected backward from the earliest available price date.,Fast Moving Consumer Goods
BANDHANBNK.NS,Bandhan Bank Ltd.,2018-03-27,,wikipedia_current_nifty500_snapshot,Current constituent snapshot projected backward from the earliest available price date.,Financial Services
BANKBARODA.NS,Bank of Baroda,2002-07-01,,wikipedia_current_nifty500_snapshot,Current constituent snapshot projected backward from the earliest available price date.,Financial Services
BANKINDIA.NS,Bank of India,2002-07-01,,wikipedia_current_nifty500_snapshot,Current constituent snapshot projected backward from the earliest available price date.,Financial Services
BATAINDIA.NS,Bata India Ltd.,2002-07-01,,wikipedia_current_nifty500_snapshot,Current constituent snapshot projected backward from the earliest available price date.,Consumer Durables
BAYERCROP.NS,Bayer Cropscience Ltd.,2010-01-08,,wikipedia_current_nifty500_snapshot,Current constituent snapshot projected backward from the earliest available price date.,Chemicals
BBTC.NS,Bombay Burmah Trading Corporation Ltd.,2002-07-01,,wikipedia_current_nifty500_snapshot,Current constituent snapshot projected backward from the earliest available price date.,Fast Moving Consumer Goods
BDL.NS,Bharat Dynamics Ltd.,2018-03-23,,wikipedia_current_nifty500_snapshot,Current constituent snapshot projected backward from the earliest available price date.,Capital Goods
BEL.NS,Bharat Electronics Ltd.,2002-07-01,,wikipedia_current_nifty500_snapshot,Current constituent snapshot projected backward from the earliest available price date.,Capital Goods
BEML.NS,BEML Ltd.,2002-07-01,,wikipedia_current_nifty500_snapshot,Current constituent snapshot projected backward from the earliest available price date.,Capital Goods
BERGEPAINT.NS,Berger Paints India Ltd.,2002-07-01,,wikipedia_current_nifty500_snapshot,Current constituent snapshot projected backward from the earliest available price date.,Consumer Durables
BHARATFORG.NS,Bharat Forge Ltd.,1996-01-01,,wikipedia_current_nifty500_snapshot,Current constituent snapshot projected backward from the earliest available price date.,Automobile and Auto Components
BHARTIARTL.NS,Bharti Airtel Ltd.,2002-07-01,,wikipedia_current_nifty500_snapshot,Current constituent snapshot projected backward from the earliest available price date.,Telecommunication
BHEL.NS,Bharat Heavy Electricals Ltd.,1996-01-01,,wikipedia_current_nifty500_snapshot,Current constituent snapshot projected backward from the earliest available price date.,Capital Goods
BIKAJI.NS,Bikaji Foods International Ltd.,2022-11-16,,wikipedia_current_nifty500_snapshot,Current constituent snapshot projected backward from the earliest available price date.,Fast Moving Consumer Goods
BIOCON.NS,Biocon Ltd.,2004-04-07,,wikipedia_current_nifty500_snapshot,Current constituent snapshot projected backward from the earliest available price date.,Healthcare
BIRLACORPN.NS,Birla Corporation Ltd.,2002-07-01,,wikipedia_current_nifty500_snapshot,Current constituent snapshot projected backward from the earliest available price date.,Construction Materials
BLS.NS,BLS International Services Ltd.,2016-06-15,,wikipedia_current_nifty500_snapshot,Current constituent snapshot projected backward from the earliest available price date.,Consumer Services
BLUEDART.NS,Blue Dart Express Ltd.,2002-07-01,,wikipedia_current_nifty500_snapshot,Current constituent snapshot projected backward from the earliest available price date.,Services
BLUESTARCO.NS,Blue Star Ltd.,2002-07-01,,wikipedia_current_nifty500_snapshot,Current constituent snapshot projected backward from the earliest available price date.,Consumer Durables
BORORENEW.NS,Borosil Renewables Ltd.,2018-05-25,,wikipedia_current_nifty500_snapshot,Current constituent snapshot projected backward from the earliest available price date.,Capital Goods
BOSCHLTD.NS,Bosch Ltd.,2002-07-01,,wikipedia_current_nifty500_snapshot,Current constituent snapshot projected backward from the earliest available price date.,Automobile and Auto Components
BPCL.NS,Bharat Petroleum Corporation Ltd.,1996-01-02,,wikipedia_current_nifty500_snapshot,Current constituent snapshot projected backward from the earliest available price date.,Oil Gas & Consumable Fuels
BRIGADE.NS,Brigade Enterprises Ltd.,2007-12-31,,wikipedia_current_nifty500_snapshot,Current constituent snapshot projected backward from the earliest available price date.,Realty
BRITANNIA.NS,Britannia Industries Ltd.,1996-01-02,,wikipedia_current_nifty500_snapshot,Current constituent snapshot projected backward from the earliest available price date.,Fast Moving Consumer Goods
BSE.NS,BSE Ltd.,2017-02-03,,wikipedia_current_nifty500_snapshot,Current constituent snapshot projected backward from the earliest available price date.,Financial Services
BSOFT.NS,Birlasoft Ltd.,2002-07-01,,wikipedia_current_nifty500_snapshot,Current constituent snapshot projected backward from the earliest available price date.,Information Technology
CAMPUS.NS,Campus Activewear Ltd.,2022-05-09,,wikipedia_current_nifty500_snapshot,Current constituent snapshot projected backward from the earliest available price date.,Consumer Durables
CAMS.NS,Computer Age Management Services Ltd.,2020-10-05,,wikipedia_current_nifty500_snapshot,Current constituent snapshot projected backward from the earliest available price date.,Financial Services
CANBK.NS,Canara Bank,2002-12-23,,wikipedia_current_nifty500_snapshot,Current constituent snapshot projected backward from the earliest available price date.,Financial Services
CANFINHOME.NS,Can Fin Homes Ltd.,2002-07-01,,wikipedia_current_nifty500_snapshot,Current constituent snapshot projected backward from the earliest available price date.,Financial Services
CAPLIPOINT.NS,Caplin Point Laboratories Ltd.,2014-06-23,,wikipedia_current_nifty500_snapshot,Current constituent snapshot projected backward from the earliest available price date.,Healthcare
CARBORUNIV.NS,Carborundum Universal Ltd.,2002-07-01,,wikipedia_current_nifty500_snapshot,Current constituent snapshot projected backward from the earliest available price date.,Capital Goods
CASTROLIND.NS,Castrol India Ltd.,2002-08-12,,wikipedia_current_nifty500_snapshot,Current constituent snapshot projected backward from the earliest available price date.,Oil Gas & Consumable Fuels
CCL.NS,CCL Products (I) Ltd.,2004-06-07,,wikipedia_current_nifty500_snapshot,Current constituent snapshot projected backward from the earliest available price date.,Fast Moving Consumer Goods
CDSL.NS,Central Depository Services (India) Ltd.,2017-06-30,,wikipedia_current_nifty500_snapshot,Current constituent snapshot projected backward from the earliest available price date.,Financial Services
CEATLTD.NS,Ceat Ltd.,2008-02-01,,wikipedia_current_nifty500_snapshot,Current constituent snapshot projected backward from the earliest available price date.,Automobile and Auto Components
CELLO.NS,Cello World Ltd.,2023-11-06,,wikipedia_current_nifty500_snapshot,Current constituent snapshot projected backward from the earliest available price date.,Consumer Durables
CENTRALBK.NS,Central Bank of India,2007-08-21,,wikipedia_current_nifty500_snapshot,Current constituent snapshot projected backward from the earliest available price date.,Financial Services
CENTURYPLY.NS,Century Plyboards (India) Ltd.,2006-03-23,,wikipedia_current_nifty500_snapshot,Current constituent snapshot projected backward from the earliest available price date.,Consumer Durables
CERA.NS,Cera Sanitaryware Ltd,2007-11-02,,wikipedia_current_nifty500_snapshot,Current constituent snapshot projected backward from the earliest available price date.,Consumer Durables
CESC.NS,CESC Ltd.,2002-07-01,,wikipedia_current_nifty500_snapshot,Current constituent snapshot projected backward from the earliest available price date.,Power
CGCL.NS,Capri Global Capital Ltd.,2010-10-29,,wikipedia_current_nifty500_snapshot,Current constituent snapshot projected backward from the earliest available price date.,Financial Services
CGPOWER.NS,CG Power and Industrial Solutions Ltd.,2002-07-01,,wikipedia_current_nifty500_snapshot,Current constituent snapshot projected backward from the earliest available price date.,Capital Goods
CHALET.NS,Chalet Hotels Ltd.,2019-02-07,,wikipedia_current_nifty500_snapshot,Current constituent snapshot projected backward from the earliest available price date.,Consumer Services
CHAMBLFERT.NS,Chambal Fertilizers & Chemicals Ltd.,2002-07-01,,wikipedia_current_nifty500_snapshot,Current constituent snapshot projected backward from the earliest available price date.,Chemicals
CHEMPLASTS.NS,Chemplast Sanmar Ltd.,2021-08-24,,wikipedia_current_nifty500_snapshot,Current constituent snapshot projected backward from the earliest available price date.,Chemicals
CHENNPETRO.NS,Chennai Petroleum Corporation Ltd.,2002-07-01,,wikipedia_current_nifty500_snapshot,Current constituent snapshot projected backward from the earliest available price date.,Oil Gas & Consumable Fuels
CHOLAFIN.NS,Cholamandalam Investment and Finance Company Ltd.,2002-07-01,,wikipedia_current_nifty500_snapshot,Current constituent snapshot projected backward from the earliest available price date.,Financial Services
CHOLAHLDNG.NS,Cholamandalam Financial Holdings Ltd.,2002-07-01,,wikipedia_current_nifty500_snapshot,Current constituent snapshot projected backward from the earliest available price date.,Financial Services
CIEINDIA.NS,CIE Automotive India Ltd.,2007-08-30,,wikipedia_current_nifty500_snapshot,Current constituent snapshot projected backward from the earliest available price date.,Automobile and Auto Components
CIPLA.NS,Cipla Ltd.,1996-01-01,,wikipedia_current_nifty500_snapshot,Current constituent snapshot projected backward from the earliest available price date.,Healthcare
CLEAN.NS,Clean Science and Technology Ltd.,2021-07-19,,wikipedia_current_nifty500_snapshot,Current constituent snapshot projected backward from the earliest available price date.,Chemicals
COALINDIA.NS,Coal India Ltd.,2010-11-04,,wikipedia_current_nifty500_snapshot,Current constituent snapshot projected backward from the earliest available price date.,Oil Gas & Consumable Fuels
COCHINSHIP.NS,Cochin Shipyard Ltd.,2017-08-11,,wikipedia_current_nifty500_snapshot,Current constituent snapshot projected backward from the earliest available price date.,Capital Goods
COFORGE.NS,Coforge Ltd.,2004-08-30,,wikipedia_current_nifty500_snapshot,Current constituent snapshot projected backward from the earliest available price date.,Information Technology
COLPAL.NS,Colgate Palmolive (India) Ltd.,2002-07-01,,wikipedia_current_nifty500_snapshot,Current constituent snapshot projected backward from the earliest available price date.,Fast Moving Consumer Goods
CONCOR.NS,Container Corporation of India Ltd.,2002-07-01,,wikipedia_current_nifty500_snapshot,Current constituent snapshot projected backward from the earliest available price date.,Services
CONCORDBIO.NS,Concord Biotech Ltd.,2023-08-18,,wikipedia_current_nifty500_snapshot,Current constituent snapshot projected backward from the earliest available price date.,Healthcare
COROMANDEL.NS,Coromandel International Ltd.,2002-08-12,,wikipedia_current_nifty500_snapshot,Current constituent snapshot projected backward from the earliest available price date.,Chemicals
CRAFTSMAN.NS,Craftsman Automation Ltd.,2021-03-25,,wikipedia_current_nifty500_snapshot,Current constituent snapshot projected backward from the earliest available price date.,Automobile and Auto Components
CREDITACC.NS,CreditAccess Grameen Ltd.,2018-08-23,,wikipedia_current_nifty500_snapshot,Current constituent snapshot projected backward from the earliest available price date.,Financial Services
CRISIL.NS,CRISIL Ltd.,2002-07-01,,wikipedia_current_nifty500_snapshot,Current constituent snapshot projected backward from the earliest available price date.,Financial Services
CROMPTON.NS,Crompton Greaves Consumer Electricals Ltd.,2016-05-13,,wikipedia_current_nifty500_snapshot,Current constituent snapshot projected backward from the earliest available price date.,Consumer Durables
CSBBANK.NS,CSB Bank Ltd.,2019-12-04,,wikipedia_current_nifty500_snapshot,Current constituent snapshot projected backward from the earliest available price date.,Financial Services
CUB.NS,City Union Bank Ltd.,2002-07-01,,wikipedia_current_nifty500_snapshot,Current constituent snapshot projected backward from the earliest available price date.,Financial Services
CUMMINSIND.NS,Cummins India Ltd.,2002-07-01,,wikipedia_current_nifty500_snapshot,Current constituent snapshot projected backward from the earliest available price date.,Capital Goods
CYIENT.NS,Cyient Ltd.,2006-07-28,,wikipedia_current_nifty500_snapshot,Current constituent snapshot projected backward from the earliest available price date.,Information Technology
DABUR.NS,Dabur India Ltd.,2002-07-01,,wikipedia_current_nifty500_snapshot,Current constituent snapshot projected backward from the earliest available price date.,Fast Moving Consumer Goods
DALBHARAT.NS,Dalmia Bharat Ltd.,2018-12-21,,wikipedia_current_nifty500_snapshot,Current constituent snapshot projected backward from the earliest available price date.,Construction Materials
DATAPATTNS.NS,Data Patterns (India) Ltd.,2021-12-24,,wikipedia_current_nifty500_snapshot,Current constituent snapshot projected backward from the earliest available price date.,Capital Goods
DCMSHRIRAM.NS,DCM Shriram Ltd.,2002-07-01,,wikipedia_current_nifty500_snapshot,Current constituent snapshot projected backward from the earliest available price date.,Diversified
DEEPAKFERT.NS,Deepak Fertilisers & Petrochemicals Corp. Ltd.,1996-01-01,,wikipedia_current_nifty500_snapshot,Current constituent snapshot projected backward from the earliest available price date.,Chemicals
DEEPAKNTR.NS,Deepak Nitrite Ltd.,2010-09-29,,wikipedia_current_nifty500_snapshot,Current constituent snapshot projected backward from the earliest available price date.,Chemicals
DELHIVERY.NS,Delhivery Ltd.,2022-05-24,,wikipedia_current_nifty500_snapshot,Current constituent snapshot projected backward from the earliest available price date.,Services
DEVYANI.NS,Devyani International Ltd.,2021-08-16,,wikipedia_current_nifty500_snapshot,Current constituent snapshot projected backward from the earliest available price date.,Consumer Services
DIVISLAB.NS,Divi's Laboratories Ltd.,2003-03-12,,wikipedia_current_nifty500_snapshot,Current constituent snapshot projected backward from the earliest available price date.,Healthcare
DIXON.NS,Dixon Technologies (India) Ltd.,2017-09-18,,wikipedia_current_nifty500_snapshot,Current constituent snapshot projected backward from the earliest available price date.,Consumer Durables
DLF.NS,DLF Ltd.,2007-07-05,,wikipedia_current_nifty500_snapshot,Current constituent snapshot projected backward from the earliest available price date.,Realty
DMART.NS,Avenue Supermarts Ltd.,2017-03-21,,wikipedia_current_nifty500_snapshot,Current constituent snapshot projected backward from the earliest available price date.,Consumer Services
DOMS.NS,DOMS Industries Ltd.,2023-12-20,,wikipedia_current_nifty500_snapshot,Current constituent snapshot projected backward from the earliest available price date.,Fast Moving Consumer Goods
DRREDDY.NS,Dr. Reddy's Laboratories Ltd.,1996-01-01,,wikipedia_current_nifty500_snapshot,Current constituent snapshot projected backward from the earliest available price date.,Healthcare
EASEMYTRIP.NS,Easy Trip Planners Ltd.,2021-03-19,,wikipedia_current_nifty500_snapshot,Current constituent snapshot projected backward from the earliest available price date.,Consumer Services
ECLERX.NS,eClerx Services Ltd.,2007-12-31,,wikipedia_current_nifty500_snapshot,Current constituent snapshot projected backward from the earliest available price date.,Services
EICHERMOT.NS,Eicher Motors Ltd.,1996-01-01,,wikipedia_current_nifty500_snapshot,Current constituent snapshot projected backward from the earliest available price date.,Automobile and Auto Components
EIDPARRY.NS,E.I.D. Parry (India) Ltd.,2002-07-01,,wikipedia_current_nifty500_snapshot,Current constituent snapshot projected backward from the earliest available price date.,Chemicals
EIHOTEL.NS,EIH Ltd.,1996-01-01,,wikipedia_current_nifty500_snapshot,Current constituent snapshot projected backward from the earliest available price date.,Consumer Services
ELECON.NS,Elecon Engineering Co. Ltd.,2006-09-29,,wikipedia_current_nifty500_snapshot,Current constituent snapshot projected backward from the earliest available price date.,Capital Goods
ELGIEQUIP.NS,Elgi Equipments Ltd.,2002-07-01,,wikipedia_current_nifty500_snapshot,Current constituent snapshot projected backward from the earliest available price date.,Capital Goods
EMAMILTD.NS,Emami Ltd.,2006-08-03,,wikipedia_current_nifty500_snapshot,Current constituent snapshot projected backward from the earliest available price date.,Fast Moving Consumer Goods
ENDURANCE.NS,Endurance Technologies Ltd.,2016-10-19,,wikipedia_current_nifty500_snapshot,Current constituent snapshot projected backward from the earliest available price date.,Automobile and Auto Components
ENGINERSIN.NS,Engineers India Ltd.,1997-09-16,,wikipedia_current_nifty500_snapshot,Current constituent snapshot projected backward from the earliest available price date.,Construction
EPL.NS,EPL Ltd.,2002-07-01,,wikipedia_current_nifty500_snapshot,Current constituent snapshot projected backward from the earliest available price date.,Capital Goods
EQUITASBNK.NS,Equitas Small Finance Bank Ltd.,2020-11-02,,wikipedia_current_nifty500_snapshot,Current constituent snapshot projected backward from the earliest available price date.,Financial Services
ERIS.NS,Eris Lifesciences Ltd.,2017-06-30,,wikipedia_current_nifty500_snapshot,Current constituent snapshot projected backward from the earliest available price date.,Healthcare
ESCORTS.NS,Escorts Kubota Ltd.,1996-01-01,,wikipedia_current_nifty500_snapshot,Current constituent snapshot projected backward from the earliest available price date.,Capital Goods
ETERNAL.NS,Eternal Ltd.,2021-07-23,,wikipedia_current_nifty500_snapshot,Current constituent snapshot projected backward from the earliest available price date.,Consumer Services
EXIDEIND.NS,Exide Industries Ltd.,2002-07-01,,wikipedia_current_nifty500_snapshot,Current constituent snapshot projected backward from the earliest available price date.,Automobile and Auto Components
FACT.NS,Fertilisers and Chemicals Travancore Ltd.,2002-07-01,,wikipedia_current_nifty500_snapshot,Current constituent snapshot projected backward from the earliest available price date.,Chemicals
FDC.NS,FDC Ltd.,2002-07-01,,wikipedia_current_nifty500_snapshot,Current constituent snapshot projected backward from the earliest available price date.,Healthcare
FEDERALBNK.NS,Federal Bank Ltd.,1996-01-01,,wikipedia_current_nifty500_snapshot,Current constituent snapshot projected backward from the earliest available price date.,Financial Services
FINCABLES.NS,Finolex Cables Ltd.,2002-07-01,,wikipedia_current_nifty500_snapshot,Current constituent snapshot projected backward from the earliest available price date.,Capital Goods
FINEORG.NS,Fine Organic Industries Ltd.,2018-07-02,,wikipedia_current_nifty500_snapshot,Current constituent snapshot projected backward from the earliest available price date.,Chemicals
FINPIPE.NS,Finolex Industries Ltd.,2002-07-01,,wikipedia_current_nifty500_snapshot,Current constituent snapshot projected backward from the earliest available price date.,Capital Goods
FIVESTAR.NS,Five-Star Business Finance Ltd.,2022-11-21,,wikipedia_current_nifty500_snapshot,Current constituent snapshot projected backward from the earliest available price date.,Financial Services
FLUOROCHEM.NS,Gujarat Fluorochemicals Ltd.,2019-10-16,,wikipedia_current_nifty500_snapshot,Current constituent snapshot projected backward from the earliest available price date.,Chemicals
FORTIS.NS,Fortis Healthcare Ltd.,2007-05-09,,wikipedia_current_nifty500_snapshot,Current constituent snapshot projected backward from the earliest available price date.,Healthcare
FSL.NS,Firstsource Solutions Ltd.,2007-02-22,,wikipedia_current_nifty500_snapshot,Current constituent snapshot projected backward from the earliest available price date.,Services
GAEL.NS,Gujarat Ambuja Exports Ltd.,2002-07-01,,wikipedia_current_nifty500_snapshot,Current constituent snapshot projected backward from the earliest available price date.,Fast Moving Consumer Goods
GAIL.NS,GAIL (India) Ltd.,1997-04-02,,wikipedia_current_nifty500_snapshot,Current constituent snapshot projected backward from the earliest available price date.,Oil Gas & Consumable Fuels
GESHIP.NS,Great Eastern Shipping Co. Ltd.,2002-07-01,,wikipedia_current_nifty500_snapshot,Current constituent snapshot projected backward from the earliest available price date.,Services
GICRE.NS,General Insurance Corporation of India,2017-10-25,,wikipedia_current_nifty500_snapshot,Current constituent snapshot projected backward from the earliest available price date.,Financial Services
GILLETTE.NS,Gillette India Ltd.,2002-07-01,,wikipedia_current_nifty500_snapshot,Current constituent snapshot projected backward from the earliest available price date.,Fast Moving Consumer Goods
GLAND.NS,Gland Pharma Ltd.,2020-11-20,,wikipedia_current_nifty500_snapshot,Current constituent snapshot projected backward from the earliest available price date.,Healthcare
GLAXO.NS,Glaxosmithkline Pharmaceuticals Ltd.,2002-07-01,,wikipedia_current_nifty500_snapshot,Current constituent snapshot projected backward from the earliest available price date.,Healthcare
GLENMARK.NS,Glenmark Pharmaceuticals Ltd.,2002-07-01,,wikipedia_current_nifty500_snapshot,Current constituent snapshot projected backward from the earliest available price date.,Healthcare
GMDCLTD.NS,Gujarat Mineral Development Corporation Ltd.,2002-07-01,,wikipedia_current_nifty500_snapshot,Current constituent snapshot projected backward from the earliest available price date.,Metals & Mining
GMMPFAUDLR.NS,GMM Pfaudler Ltd.,2018-03-05,,wikipedia_current_nifty500_snapshot,Current constituent snapshot projected backward from the earliest available price date.,Capital Goods
GNFC.NS,Gujarat Narmada Valley Fertilizers and Chemicals Ltd.,2002-07-01,,wikipedia_current_nifty500_snapshot,Current constituent snapshot projected backward from the earliest available price date.,Chemicals
GODFRYPHLP.NS,Godfrey Phillips India Ltd.,1999-01-04,,wikipedia_current_nifty500_snapshot,Current constituent snapshot projected backward from the earliest available price date.,Fast Moving Consumer Goods
GODREJCP.NS,Godrej Consumer Products Ltd.,2002-07-01,,wikipedia_current_nifty500_snapshot,Current constituent snapshot projected backward from the earliest available price date.,Fast Moving Consumer Goods
GODREJIND.NS,Godrej Industries Ltd.,2002-07-01,,wikipedia_current_nifty500_snapshot,Current constituent snapshot projected backward from the earliest available price date.,Diversified
GODREJPROP.NS,Godrej Properties Ltd.,2010-01-05,,wikipedia_current_nifty500_snapshot,Current constituent snapshot projected backward from the earliest available price date.,Realty
GPIL.NS,Godawari Power & Ispat Ltd.,2006-04-25,,wikipedia_current_nifty500_snapshot,Current constituent snapshot projected backward from the earliest available price date.,Capital Goods
GPPL.NS,Gujarat Pipavav Port Ltd.,2010-09-09,,wikipedia_current_nifty500_snapshot,Current constituent snapshot projected backward from the earliest available price date.,Services
GRANULES.NS,Granules India Ltd.,2005-06-20,,wikipedia_current_nifty500_snapshot,Current constituent snapshot projected backward from the earliest available price date.,Healthcare
GRAPHITE.NS,Graphite India Ltd.,2002-07-01,,wikipedia_current_nifty500_snapshot,Current constituent snapshot projected backward from the earliest available price date.,Capital Goods
GRASIM.NS,Grasim Industries Ltd.,2002-07-01,,wikipedia_current_nifty500_snapshot,Current constituent snapshot projected backward from the earliest available price date.,Construction Materials
GRINDWELL.NS,Grindwell Norton Ltd.,2006-09-11,,wikipedia_current_nifty500_snapshot,Current constituent snapshot projected backward from the earliest available price date.,Capital Goods
GRSE.NS,Garden Reach Shipbuilders & Engineers Ltd.,2018-10-24,,wikipedia_current_nifty500_snapshot,Current constituent snapshot projected backward from the earliest available price date.,Capital Goods
GSFC.NS,Gujarat State Fertilizers & Chemicals Ltd.,1996-01-01,,wikipedia_current_nifty500_snapshot,Current constituent snapshot projected backward from the earliest available price date.,Chemicals
GUJGASLTD.NS,Gujarat Gas Ltd.,2015-09-15,,wikipedia_current_nifty500_snapshot,Current constituent snapshot projected backward from the earliest available price date.,Oil Gas & Consumable Fuels
HAL.NS,Hindustan Aeronautics Ltd.,2018-04-02,,wikipedia_current_nifty500_snapshot,Current constituent snapshot projected backward from the earliest available price date.,Capital Goods
HAPPSTMNDS.NS,Happiest Minds Technologies Ltd.,2020-09-17,,wikipedia_current_nifty500_snapshot,Current constituent snapshot projected backward from the earliest available price date.,Information Technology
HAPPYFORGE.NS,Happy Forgings Ltd.,2023-12-27,,wikipedia_current_nifty500_snapshot,Current constituent snapshot projected backward from the earliest available price date.,Capital Goods
HAVELLS.NS,Havells India Ltd.,2002-07-01,,wikipedia_current_nifty500_snapshot,Current constituent snapshot projected backward from the earliest available price date.,Consumer Durables
HBLENGINE.NS,HBL Power Systems Ltd.,2007-01-04,,wikipedia_current_nifty500_snapshot,Current constituent snapshot projected backward from the earliest available price date.,Automobile and Auto Components
HCLTECH.NS,HCL Technologies Ltd.,2002-08-12,,wikipedia_current_nifty500_snapshot,Current constituent snapshot projected backward from the earliest available price date.,Information Technology
HDFCAMC.NS,HDFC Asset Management Company Ltd.,2018-08-06,,wikipedia_current_nifty500_snapshot,Current constituent snapshot projected backward from the earliest available price date.,Financial Services
HDFCBANK.NS,HDFC Bank Ltd.,1996-01-01,,wikipedia_current_nifty500_snapshot,Current constituent snapshot projected backward from the earliest available price date.,Financial Services
HDFCLIFE.NS,HDFC Life Insurance Company Ltd.,2017-11-17,,wikipedia_current_nifty500_snapshot,Current constituent snapshot projected backward from the earliest available price date.,Financial Services
HEG.NS,H.E.G. Ltd.,2002-07-01,,wikipedia_current_nifty500_snapshot,Current constituent snapshot projected backward from the earliest available price date.,Capital Goods
HEROMOTOCO.NS,Hero MotoCorp Ltd.,2002-07-01,,wikipedia_current_nifty500_snapshot,Current constituent snapshot projected backward from the earliest available price date.,Automobile and Auto Components
HFCL.NS,HFCL Ltd.,2002-08-12,,wikipedia_current_nifty500_snapshot,Current constituent snapshot projected backward from the earliest available price date.,Telecommunication
HINDALCO.NS,Hindalco Industries Ltd.,1996-01-01,,wikipedia_current_nifty500_snapshot,Current constituent snapshot projected backward from the earliest available price date.,Metals & Mining
HINDCOPPER.NS,Hindustan Copper Ltd.,2010-01-08,,wikipedia_current_nifty500_snapshot,Current constituent snapshot projected backward from the earliest available price date.,Metals & Mining
HINDPETRO.NS,Hindustan Petroleum Corporation Ltd.,1996-01-02,,wikipedia_current_nifty500_snapshot,Current constituent snapshot projected backward from the earliest available price date.,Oil Gas & Consumable Fuels
HINDUNILVR.NS,Hindustan Unilever Ltd.,1996-01-01,,wikipedia_current_nifty500_snapshot,Current constituent snapshot projected backward from the earliest available price date.,Fast Moving Consumer Goods
HINDZINC.NS,Hindustan Zinc Ltd.,2002-08-12,,wikipedia_current_nifty500_snapshot,Current constituent snapshot projected backward from the earliest available price date.,Metals & Mining
HOMEFIRST.NS,Home First Finance Company India Ltd.,2021-02-03,,wikipedia_current_nifty500_snapshot,Current constituent snapshot projected backward from the earliest available price date.,Financial Services
HONASA.NS,Honasa Consumer Ltd.,2023-11-07,,wikipedia_current_nifty500_snapshot,Current constituent snapshot projected backward from the earliest available price date.,Fast Moving Consumer Goods
HONAUT.NS,Honeywell Automation India Ltd.,2002-07-01,,wikipedia_current_nifty500_snapshot,Current constituent snapshot projected backward from the earliest available price date.,Capital Goods
HSCL.NS,Himadri Speciality Chemical Ltd.,2007-03-02,,wikipedia_current_nifty500_snapshot,Current constituent snapshot projected backward from the earliest available price date.,Chemicals
HUDCO.NS,Housing & Urban Development Corporation Ltd.,2017-05-19,,wikipedia_current_nifty500_snapshot,Current constituent snapshot projected backward from the earliest available price date.,Financial Services
ICICIBANK.NS,ICICI Bank Ltd.,2002-07-01,,wikipedia_current_nifty500_snapshot,Current constituent snapshot projected backward from the earliest available price date.,Financial Services
ICICIGI.NS,ICICI Lombard General Insurance Company Ltd.,2017-09-27,,wikipedia_current_nifty500_snapshot,Current constituent snapshot projected backward from the earliest available price date.,Financial Services
ICICIPRULI.NS,ICICI Prudential Life Insurance Company Ltd.,2016-09-29,,wikipedia_current_nifty500_snapshot,Current constituent snapshot projected backward from the earliest available price date.,Financial Services
IDBI.NS,IDBI Bank Ltd.,1996-01-01,,wikipedia_current_nifty500_snapshot,Current constituent snapshot projected backward from the earliest available price date.,Financial Services
IDEA.NS,Vodafone Idea Ltd.,2007-03-09,,wikipedia_current_nifty500_snapshot,Current constituent snapshot projected backward from the earliest available price date.,Telecommunication
IDFCFIRSTB.NS,IDFC First Bank Ltd.,2015-11-06,,wikipedia_current_nifty500_snapshot,Current constituent snapshot projected backward from the earliest available price date.,Financial Services
IEX.NS,Indian Energy Exchange Ltd.,2017-10-23,,wikipedia_current_nifty500_snapshot,Current constituent snapshot projected backward from the earliest available price date.,Financial Services
IFCI.NS,IFCI Ltd.,2002-07-01,,wikipedia_current_nifty500_snapshot,Current constituent snapshot projected backward from the earliest available price date.,Financial Services
IGL.NS,Indraprastha Gas Ltd.,2003-12-26,,wikipedia_current_nifty500_snapshot,Current constituent snapshot projected backward from the earliest available price date.,Oil Gas & Consumable Fuels
IIFL.NS,IIFL Finance Ltd.,2005-05-17,,wikipedia_current_nifty500_snapshot,Current constituent snapshot projected backward from the earliest available price date.,Financial Services
INDHOTEL.NS,Indian Hotels Co. Ltd.,2002-07-01,,wikipedia_current_nifty500_snapshot,Current constituent snapshot projected backward from the earliest available price date.,Consumer Services
INDIACEM.NS,India Cements Ltd.,1996-01-02,,wikipedia_current_nifty500_snapshot,Current constituent snapshot projected backward from the earliest available price date.,Construction Materials
INDIAMART.NS,Indiamart Intermesh Ltd.,2019-07-04,,wikipedia_current_nifty500_snapshot,Current constituent snapshot projected backward from the earliest available price date.,Consumer Services
INDIANB.NS,Indian Bank,2007-03-01,,wikipedia_current_nifty500_snapshot,Current constituent snapshot projected backward from the earliest available price date.,Financial Services
INDIGO.NS,InterGlobe Aviation Ltd.,2015-11-10,,wikipedia_current_nifty500_snapshot,Current constituent snapshot projected backward from the earliest available price date.,Services
INDIGOPNTS.NS,Indigo Paints Ltd.,2021-02-02,,wikipedia_current_nifty500_snapshot,Current constituent snapshot projected backward from the earliest available price date.,Consumer Durables
INDUSINDBK.NS,IndusInd Bank Ltd.,2002-07-01,,wikipedia_current_nifty500_snapshot,Current constituent snapshot projected backward from the earliest available price date.,Financial Services
INDUSTOWER.NS,Indus Towers Ltd.,2012-12-28,,wikipedia_current_nifty500_snapshot,Current constituent snapshot projected backward from the earliest available price date.,Telecommunication
INFY.NS,Infosys Ltd.,1996-01-01,,wikipedia_current_nifty500_snapshot,Current constituent snapshot projected backward from the earliest available price date.,Information Technology
INOXWIND.NS,Inox Wind Ltd.,2015-04-09,,wikipedia_current_nifty500_snapshot,Current constituent snapshot projected backward from the earliest available price date.,Capital Goods
INTELLECT.NS,Intellect Design Arena Ltd.,2014-12-18,,wikipedia_current_nifty500_snapshot,Current constituent snapshot projected backward from the earliest available price date.,Information Technology
IOB.NS,Indian Overseas Bank,2002-07-01,,wikipedia_current_nifty500_snapshot,Current constituent snapshot projected backward from the earliest available price date.,Financial Services
IOC.NS,Indian Oil Corporation Ltd.,1996-04-15,,wikipedia_current_nifty500_snapshot,Current constituent snapshot projected backward from the earliest available price date.,Oil Gas & Consumable Fuels
IPCALAB.NS,Ipca Laboratories Ltd.,1996-01-01,,wikipedia_current_nifty500_snapshot,Current constituent snapshot projected backward from the earliest available price date.,Healthcare
IRB.NS,IRB Infrastructure Developers Ltd.,2008-02-25,,wikipedia_current_nifty500_snapshot,Current constituent snapshot projected backward from the earliest available price date.,Construction
IRCON.NS,IRCON International Ltd.,2018-09-28,,wikipedia_current_nifty500_snapshot,Current constituent snapshot projected backward from the earliest available price date.,Construction
IRCTC.NS,Indian Railway Catering And Tourism Corporation Ltd.,2019-10-14,,wikipedia_current_nifty500_snapshot,Current constituent snapshot projected backward from the earliest available price date.,Consumer Services
IRFC.NS,Indian Railway Finance Corporation Ltd.,2021-01-29,,wikipedia_current_nifty500_snapshot,Current constituent snapshot projected backward from the earliest available price date.,Financial Services
ITC.NS,ITC Ltd.,1996-01-01,,wikipedia_current_nifty500_snapshot,Current constituent snapshot projected backward from the earliest available price date.,Fast Moving Consumer Goods
ITI.NS,ITI Ltd.,2002-07-01,,wikipedia_current_nifty500_snapshot,Current constituent snapshot projected backward from the earliest available price date.,Telecommunication
J&KBANK.NS,Jammu & Kashmir Bank Ltd.,2002-08-12,,wikipedia_current_nifty500_snapshot,Current constituent snapshot projected backward from the earliest available price date.,Financial Services
JAIBALAJI.NS,Jai Balaji Industries Ltd.,2003-12-09,,wikipedia_current_nifty500_snapshot,Current constituent snapshot projected backward from the earliest available price date.,Metals & Mining
JBCHEPHARM.NS,J.B. Chemicals & Pharmaceuticals Ltd.,2002-07-01,,wikipedia_current_nifty500_snapshot,Current constituent snapshot projected backward from the earliest available price date.,Healthcare
JBMA.NS,JBM Auto Ltd.,2004-12-17,,wikipedia_current_nifty500_snapshot,Current constituent snapshot projected backward from the earliest available price date.,Automobile and Auto Components
JINDALSAW.NS,Jindal Saw Ltd.,2002-07-01,,wikipedia_current_nifty500_snapshot,Current constituent snapshot projected backward from the earliest available price date.,Capital Goods
JINDALSTEL.NS,Jindal Steel & Power Ltd.,1999-09-22,,wikipedia_current_nifty500_snapshot,Current constituent snapshot projected backward from the earliest available price date.,Metals & Mining
JIOFIN.NS,Jio Financial Services Ltd.,2023-08-21,,wikipedia_current_nifty500_snapshot,Current constituent snapshot projected backward from the earliest available price date.,Financial Services
JKCEMENT.NS,J.K. Cement Ltd.,2006-03-14,,wikipedia_current_nifty500_snapshot,Current constituent snapshot projected backward from the earliest available price date.,Construction Materials
JKLAKSHMI.NS,JK Lakshmi Cement Ltd.,2006-06-19,,wikipedia_current_nifty500_snapshot,Current constituent snapshot projected backward from the earliest available price date.,Construction Materials
JKPAPER.NS,JK Paper Ltd.,2005-06-16,,wikipedia_current_nifty500_snapshot,Current constituent snapshot projected backward from the earliest available price date.,Forest Materials
JMFINANCIL.NS,JM Financial Ltd.,2006-10-10,,wikipedia_current_nifty500_snapshot,Current constituent snapshot projected backward from the earliest available price date.,Financial Services
JSL.NS,Jindal Stainless Ltd.,2003-11-17,,wikipedia_current_nifty500_snapshot,Current constituent snapshot projected backward from the earliest available price date.,Metals & Mining
JSWENERGY.NS,JSW Energy Ltd.,2010-01-04,,wikipedia_current_nifty500_snapshot,Current constituent snapshot projected backward from the earliest available price date.,Power
JSWINFRA.NS,JSW Infrastructure Ltd.,2023-10-03,,wikipedia_current_nifty500_snapshot,Current constituent snapshot projected backward from the earliest available price date.,Services
JSWSTEEL.NS,JSW Steel Ltd.,2003-05-08,,wikipedia_current_nifty500_snapshot,Current constituent snapshot projected backward from the earliest available price date.,Metals & Mining
JUBLFOOD.NS,Jubilant Foodworks Ltd.,2010-02-08,,wikipedia_current_nifty500_snapshot,Current constituent snapshot projected backward from the earliest available price date.,Consumer Services
JUBLINGREA.NS,Jubilant Ingrevia Ltd.,2021-03-19,,wikipedia_current_nifty500_snapshot,Current constituent snapshot projected backward from the earliest available price date.,Chemicals
JUBLPHARMA.NS,Jubilant Pharmova Ltd.,2002-07-01,,wikipedia_current_nifty500_snapshot,Current constituent snapshot projected backward from the earliest available price date.,Healthcare
JUSTDIAL.NS,Justdial Ltd.,2013-06-05,,wikipedia_current_nifty500_snapshot,Current constituent snapshot projected backward from the earliest available price date.,Consumer Services
JWL.NS,Jupiter Wagons Ltd.,2010-10-18,,wikipedia_current_nifty500_snapshot,Current constituent snapshot projected backward from the earliest available price date.,Capital Goods
JYOTHYLAB.NS,Jyothy Labs Ltd.,2007-12-19,,wikipedia_current_nifty500_snapshot,Current constituent snapshot projected backward from the earliest available price date.,Fast Moving Consumer Goods
KAJARIACER.NS,Kajaria Ceramics Ltd.,2002-07-01,,wikipedia_current_nifty500_snapshot,Current constituent snapshot projected backward from the earliest available price date.,Consumer Durables
KALYANKJIL.NS,Kalyan Jewellers India Ltd.,2021-03-26,,wikipedia_current_nifty500_snapshot,Current constituent snapshot projected backward from the earliest available price date.,Consumer Durables
KANSAINER.NS,Kansai Nerolac Paints Ltd.,2002-07-01,,wikipedia_current_nifty500_snapshot,Current constituent snapshot projected backward from the earliest available price date.,Consumer Durables
KARURVYSYA.NS,Karur Vysya Bank Ltd.,1996-01-01,,wikipedia_current_nifty500_snapshot,Current constituent snapshot projected backward from the earliest available price date.,Financial Services
KAYNES.NS,Kaynes Technology India Ltd.,2022-11-22,,wikipedia_current_nifty500_snapshot,Current constituent snapshot projected backward from the earliest available price date.,Capital Goods
KEC.NS,Kec International Ltd.,2002-08-12,,wikipedia_current_nifty500_snapshot,Current constituent snapshot projected backward from the earliest available price date.,Construction
KEI.NS,KEI Industries Ltd.,2006-03-23,,wikipedia_current_nifty500_snapshot,Current constituent snapshot projected backward from the earliest available price date.,Capital Goods
KFINTECH.NS,Kfin Technologies Ltd.,2022-12-29,,wikipedia_current_nifty500_snapshot,Current constituent snapshot projected backward from the earliest available price date.,Financial Services
KIMS.NS,Krishna Institute of Medical Sciences Ltd.,2021-06-28,,wikipedia_current_nifty500_snapshot,Current constituent snapshot projected backward from the earliest available price date.,Healthcare
KNRCON.NS,KNR Constructions Ltd.,2008-02-18,,wikipedia_current_nifty500_snapshot,Current constituent snapshot projected backward from the earliest available price date.,Construction
KOTAKBANK.NS,Kotak Mahindra Bank Ltd.,2001-07-02,,wikipedia_current_nifty500_snapshot,Current constituent snapshot projected backward from the earliest available price date.,Financial Services
KPIL.NS,Kalpataru Projects International Ltd.,2002-07-01,,wikipedia_current_nifty500_snapshot,Current constituent snapshot projected backward from the earliest available price date.,Construction
KPITTECH.NS,KPIT Technologies Ltd.,2019-04-22,,wikipedia_current_nifty500_snapshot,Current constituent snapshot projected backward from the earliest available price date.,Information Technology
KPRMILL.NS,K.P.R. Mill Ltd.,2007-08-28,,wikipedia_current_nifty500_snapshot,Current constituent snapshot projected backward from the earliest available price date.,Textiles
KRBL.NS,KRBL Ltd.,2002-01-24,,wikipedia_current_nifty500_snapshot,Current constituent snapshot projected backward from the earliest available price date.,Fast Moving Consumer Goods
KSB.NS,KSB Ltd.,2002-07-01,,wikipedia_current_nifty500_snapshot,Current constituent snapshot projected backward from the earliest available price date.,Capital Goods
LALPATHLAB.NS,Dr. Lal Path Labs Ltd.,2015-12-23,,wikipedia_current_nifty500_snapshot,Current constituent snapshot projected backward from the earliest available price date.,Healthcare
LATENTVIEW.NS,Latent View Analytics Ltd.,2021-11-23,,wikipedia_current_nifty500_snapshot,Current constituent snapshot projected backward from the earliest available price date.,Information Technology
LAURUSLABS.NS,Laurus Labs Ltd.,2016-12-19,,wikipedia_current_nifty500_snapshot,Current constituent snapshot projected backward from the earliest available price date.,Healthcare
LEMONTREE.NS,Lemon Tree Hotels Ltd.,2018-04-09,,wikipedia_current_nifty500_snapshot,Current constituent snapshot projected backward from the earliest available price date.,Consumer Services
LICHSGFIN.NS,LIC Housing Finance Ltd.,2002-07-01,,wikipedia_current_nifty500_snapshot,Current constituent snapshot projected backward from the earliest available price date.,Financial Services
LICI.NS,Life Insurance Corporation of India,2022-05-17,,wikipedia_current_nifty500_snapshot,Current constituent snapshot projected backward from the earliest available price date.,Financial Services
LINDEINDIA.NS,Linde India Ltd.,2000-05-31,,wikipedia_current_nifty500_snapshot,Current constituent snapshot projected backward from the earliest available price date.,Chemicals
LLOYDSME.NS,Lloyds Metals And Energy Ltd.,2023-07-17,,wikipedia_current_nifty500_snapshot,Current constituent snapshot projected backward from the earliest available price date.,Metals & Mining
LODHA.NS,Macrotech Developers Ltd.,2021-04-19,,wikipedia_current_nifty500_snapshot,Current constituent snapshot projected backward from the earliest available price date.,Realty
LT.NS,Larsen & Toubro Ltd.,2002-07-01,,wikipedia_current_nifty500_snapshot,Current constituent snapshot projected backward from the earliest available price date.,Construction
LTF.NS,L&T Finance Ltd.,2011-08-12,,wikipedia_current_nifty500_snapshot,Current constituent snapshot projected backward from the earliest available price date.,Financial Services
LTTS.NS,L&T Technology Services Ltd.,2016-09-23,,wikipedia_current_nifty500_snapshot,Current constituent snapshot projected backward from the earliest available price date.,Information Technology
LUPIN.NS,Lupin Ltd.,2001-09-10,,wikipedia_current_nifty500_snapshot,Current constituent snapshot projected backward from the earliest available price date.,Healthcare
LXCHEM.NS,Laxmi Organic Industries Ltd.,2021-03-25,,wikipedia_current_nifty500_snapshot,Current constituent snapshot projected backward from the earliest available price date.,Chemicals
M&M.NS,Mahindra & Mahindra Ltd.,1996-01-01,,wikipedia_current_nifty500_snapshot,Current constituent snapshot projected backward from the earliest available price date.,Automobile and Auto Components
M&MFIN.NS,Mahindra & Mahindra Financial Services Ltd.,2006-03-17,,wikipedia_current_nifty500_snapshot,Current constituent snapshot projected backward from the earliest available price date.,Financial Services
MAHABANK.NS,Bank of Maharashtra,2004-04-12,,wikipedia_current_nifty500_snapshot,Current constituent snapshot projected backward from the earliest available price date.,Financial Services
MAHLIFE.NS,Mahindra Lifespace Developers Ltd.,2002-07-01,,wikipedia_current_nifty500_snapshot,Current constituent snapshot projected backward from the earliest available price date.,Realty
MAHSEAMLES.NS,Maharashtra Seamless Ltd.,2002-07-01,,wikipedia_current_nifty500_snapshot,Current constituent snapshot projected backward from the earliest available price date.,Capital Goods
MANAPPURAM.NS,Manappuram Finance Ltd.,2010-06-30,,wikipedia_current_nifty500_snapshot,Current constituent snapshot projected backward from the earliest available price date.,Financial Services
MANKIND.NS,Mankind Pharma Ltd.,2023-05-09,,wikipedia_current_nifty500_snapshot,Current constituent snapshot projected backward from the earliest available price date.,Healthcare
MANYAVAR.NS,Vedant Fashions Ltd.,2022-02-16,,wikipedia_current_nifty500_snapshot,Current constituent snapshot projected backward from the earliest available price date.,Consumer Services
MAPMYINDIA.NS,C.E. Info Systems Ltd.,2021-12-21,,wikipedia_current_nifty500_snapshot,Current constituent snapshot projected backward from the earliest available price date.,Information Technology
MARICO.NS,Marico Ltd.,1996-05-01,,wikipedia_current_nifty500_snapshot,Current constituent snapshot projected backward from the earliest available price date.,Fast Moving Consumer Goods
MARUTI.NS,Maruti Suzuki India Ltd.,2003-07-09,,wikipedia_current_nifty500_snapshot,Current constituent snapshot projected backward from the earliest available price date.,Automobile and Auto Components
MASTEK.NS,Mastek Ltd.,2002-07-01,,wikipedia_current_nifty500_snapshot,Current constituent snapshot projected backward from the earliest available price date.,Information Technology
MAXHEALTH.NS,Max Healthcare Institute Ltd.,2020-08-21,,wikipedia_current_nifty500_snapshot,Current constituent snapshot projected backward from the earliest available price date.,Healthcare
MAZDOCK.NS,Mazagoan Dock Shipbuilders Ltd.,2020-10-12,,wikipedia_current_nifty500_snapshot,Current constituent snapshot projected backward from the earliest available price date.,Capital Goods
MCX.NS,Multi Commodity Exchange of India Ltd.,2012-03-09,,wikipedia_current_nifty500_snapshot,Current constituent snapshot projected backward from the earliest available price date.,Financial Services
MEDANTA.NS,Global Health Ltd.,2022-11-18,,wikipedia_current_nifty500_snapshot,Current constituent snapshot projected backward from the earliest available price date.,Healthcare
MEDPLUS.NS,Medplus Health Services Ltd.,2021-12-23,,wikipedia_current_nifty500_snapshot,Current constituent snapshot projected backward from the earliest available price date.,Consumer Services
METROBRAND.NS,Metro Brands Ltd.,2021-12-22,,wikipedia_current_nifty500_snapshot,Current constituent snapshot projected backward from the earliest available price date.,Consumer Durables
METROPOLIS.NS,Metropolis Healthcare Ltd.,2019-04-15,,wikipedia_current_nifty500_snapshot,Current constituent snapshot projected backward from the earliest available price date.,Healthcare
MFSL.NS,Max Financial Services Ltd.,1996-01-01,,wikipedia_current_nifty500_snapshot,Current constituent snapshot projected backward from the earliest available price date.,Financial Services
MGL.NS,Mahanagar Gas Ltd.,2016-07-01,,wikipedia_current_nifty500_snapshot,Current constituent snapshot projected backward from the earliest available price date.,Oil Gas & Consumable Fuels
MHRIL.NS,Mahindra Holidays & Resorts India Ltd.,2009-07-16,,wikipedia_current_nifty500_snapshot,Current constituent snapshot projected backward from the earliest available price date.,Consumer Services
MINDACORP.NS,Minda Corporation Ltd.,2012-03-19,,wikipedia_current_nifty500_snapshot,Current constituent snapshot projected backward from the earliest available price date.,Automobile and Auto Components
MMTC.NS,MMTC Ltd.,2010-01-08,,wikipedia_current_nifty500_snapshot,Current constituent snapshot projected backward from the earliest available price date.,Services
MOTHERSON.NS,Samvardhana Motherson International Ltd.,2002-07-01,,wikipedia_current_nifty500_snapshot,Current constituent snapshot projected backward from the earliest available price date.,Automobile and Auto Components
MOTILALOFS.NS,Motilal Oswal Financial Services Ltd.,2007-09-11,,wikipedia_current_nifty500_snapshot,Current constituent snapshot projected backward from the earliest available price date.,Financial Services
MPHASIS.NS,MphasiS Ltd.,2002-07-01,,wikipedia_current_nifty500_snapshot,Current constituent snapshot projected backward from the earliest available price date.,Information Technology
MRF.NS,MRF Ltd.,2002-07-01,,wikipedia_current_nifty500_snapshot,Current constituent snapshot projected backward from the earliest available price date.,Automobile and Auto Components
MRPL.NS,Mangalore Refinery & Petrochemicals Ltd.,1996-01-01,,wikipedia_current_nifty500_snapshot,Current constituent snapshot projected backward from the earliest available price date.,Oil Gas & Consumable Fuels
MSUMI.NS,Motherson Sumi Wiring India Ltd.,2022-03-28,,wikipedia_current_nifty500_snapshot,Current constituent snapshot projected backward from the earliest available price date.,Automobile and Auto Components
MTARTECH.NS,MTAR Technologies Ltd.,2021-03-15,,wikipedia_current_nifty500_snapshot,Current constituent snapshot projected backward from the earliest available price date.,Capital Goods
MUTHOOTFIN.NS,Muthoot Finance Ltd.,2011-05-06,,wikipedia_current_nifty500_snapshot,Current constituent snapshot projected backward from the earliest available price date.,Financial Services
NAM-INDIA.NS,Nippon Life India Asset Management Ltd.,2017-11-06,,wikipedia_current_nifty500_snapshot,Current constituent snapshot projected backward from the earliest available price date.,Financial Services
NATCOPHARM.NS,NATCO Pharma Ltd.,1996-01-01,,wikipedia_current_nifty500_snapshot,Current constituent snapshot projected backward from the earliest available price date.,Healthcare
NATIONALUM.NS,National Aluminium Co. Ltd.,1999-04-28,,wikipedia_current_nifty500_snapshot,Current constituent snapshot projected backward from the earliest available price date.,Metals & Mining
NAUKRI.NS,Info Edge (India) Ltd.,2006-11-21,,wikipedia_current_nifty500_snapshot,Current constituent snapshot projected backward from the earliest available price date.,Consumer Services
NAVINFLUOR.NS,Navin Fluorine International Ltd.,2007-06-01,,wikipedia_current_nifty500_snapshot,Current constituent snapshot projected backward from the earliest available price date.,Chemicals
NBCC.NS,NBCC (India) Ltd.,2012-04-12,,wikipedia_current_nifty500_snapshot,Current constituent snapshot projected backward from the earliest available price date.,Construction
NCC.NS,NCC Ltd.,2002-08-12,,wikipedia_current_nifty500_snapshot,Current constituent snapshot projected backward from the earliest available price date.,Construction
NESTLEIND.NS,Nestle India Ltd.,2002-08-12,,wikipedia_current_nifty500_snapshot,Current constituent snapshot projected backward from the earliest available price date.,Fast Moving Consumer Goods
NETWORK18.NS,Network18 Media & Investments Ltd.,2002-08-12,,wikipedia_current_nifty500_snapshot,Current constituent snapshot projected backward from the earliest available price date.,Media Entertainment & Publication
NH.NS,Narayana Hrudayalaya Ltd.,2016-01-06,,wikipedia_current_nifty500_snapshot,Current constituent snapshot projected backward from the earliest available price date.,Healthcare
NHPC.NS,NHPC Ltd.,2009-09-01,,wikipedia_current_nifty500_snapshot,Current constituent snapshot projected backward from the earliest available price date.,Power
NIACL.NS,The New India Assurance Company Ltd.,2017-11-13,,wikipedia_current_nifty500_snapshot,Current constituent snapshot projected backward from the earliest available price date.,Financial Services
NLCINDIA.NS,NLC India Ltd.,2000-08-23,,wikipedia_current_nifty500_snapshot,Current constituent snapshot projected backward from the earliest available price date.,Power
NMDC.NS,NMDC Ltd.,2008-03-03,,wikipedia_current_nifty500_snapshot,Current constituent snapshot projected backward from the earliest available price date.,Metals & Mining
NSLNISP.NS,NMDC Steel Ltd.,2023-02-20,,wikipedia_current_nifty500_snapshot,Current constituent snapshot projected backward from the earliest available price date.,Metals & Mining
NTPC.NS,NTPC Ltd.,2004-11-05,,wikipedia_current_nifty500_snapshot,Current constituent snapshot projected backward from the earliest available price date.,Power
NUVAMA.NS,Nuvama Wealth Management Ltd.,2023-09-26,,wikipedia_current_nifty500_snapshot,Current constituent snapshot projected backward from the earliest available price date.,Financial Services
NUVOCO.NS,Nuvoco Vistas Corporation Ltd.,2021-08-23,,wikipedia_current_nifty500_snapshot,Current constituent snapshot projected backward from the earliest available price date.,Construction Materials
NYKAA.NS,FSN E-Commerce Ventures Ltd.,2021-11-10,,wikipedia_current_nifty500_snapshot,Current constituent snapshot projected backward from the earliest available price date.,Consumer Services
OBEROIRLTY.NS,Oberoi Realty Ltd.,2010-10-20,,wikipedia_current_nifty500_snapshot,Current constituent snapshot projected backward from the earliest available price date.,Realty
OFSS.NS,Oracle Financial Services Software Ltd.,2002-06-28,,wikipedia_current_nifty500_snapshot,Current constituent snapshot projected backward from the earliest available price date.,Information Technology
OIL.NS,Oil India Ltd.,2009-09-30,,wikipedia_current_nifty500_snapshot,Current constituent snapshot projected backward from the earliest available price date.,Oil Gas & Consumable Fuels
OLECTRA.NS,Olectra Greentech Ltd.,2002-07-01,,wikipedia_current_nifty500_snapshot,Current constituent snapshot projected backward from the earliest available price date.,Automobile and Auto Components
ONGC.NS,Oil & Natural Gas Corporation Ltd.,1996-01-01,,wikipedia_current_nifty500_snapshot,Current constituent snapshot projected backward from the earliest available price date.,Oil Gas & Consumable Fuels
PAGEIND.NS,Page Industries Ltd.,2007-03-16,,wikipedia_current_nifty500_snapshot,Current constituent snapshot projected backward from the earliest available price date.,Textiles
PATANJALI.NS,Patanjali Foods Ltd.,2002-07-01,,wikipedia_current_nifty500_snapshot,Current constituent snapshot projected backward from the earliest available price date.,Fast Moving Consumer Goods
PAYTM.NS,One 97 Communications Ltd.,2021-11-18,,wikipedia_current_nifty500_snapshot,Current constituent snapshot projected backward from the earliest available price date.,Financial Services
PCBL.NS,PCBL Ltd.,2002-07-01,,wikipedia_current_nifty500_snapshot,Current constituent snapshot projected backward from the earliest available price date.,Chemicals
PERSISTENT.NS,Persistent Systems Ltd.,2010-04-06,,wikipedia_current_nifty500_snapshot,Current constituent snapshot projected backward from the earliest available price date.,Information Technology
PETRONET.NS,Petronet LNG Ltd.,2004-03-26,,wikipedia_current_nifty500_snapshot,Current constituent snapshot projected backward from the earliest available price date.,Oil Gas & Consumable Fuels
PFC.NS,Power Finance Corporation Ltd.,2007-02-23,,wikipedia_current_nifty500_snapshot,Current constituent snapshot projected backward from the earliest available price date.,Financial Services
PGHH.NS,Procter & Gamble Hygiene & Health Care Ltd.,2002-08-12,,wikipedia_current_nifty500_snapshot,Current constituent snapshot projected backward from the earliest available price date.,Fast Moving Consumer Goods
PHOENIXLTD.NS,Phoenix Mills Ltd.,2007-04-23,,wikipedia_current_nifty500_snapshot,Current constituent snapshot projected backward from the earliest available price date.,Realty
PIDILITIND.NS,Pidilite Industries Ltd.,2002-07-01,,wikipedia_current_nifty500_snapshot,Current constituent snapshot projected backward from the earliest available price date.,Chemicals
PIIND.NS,PI Industries Ltd.,2011-06-15,,wikipedia_current_nifty500_snapshot,Current constituent snapshot projected backward from the earliest available price date.,Chemicals
PNB.NS,Punjab National Bank,2002-07-01,,wikipedia_current_nifty500_snapshot,Current constituent snapshot projected backward from the earliest available price date.,Financial Services
PNBHOUSING.NS,PNB Housing Finance Ltd.,2016-11-07,,wikipedia_current_nifty500_snapshot,Current constituent snapshot projected backward from the earliest available price date.,Financial Services
PNCINFRA.NS,PNC Infratech Ltd.,2015-05-26,,wikipedia_current_nifty500_snapshot,Current constituent snapshot projected backward from the earliest available price date.,Construction
POLICYBZR.NS,PB Fintech Ltd.,2021-11-15,,wikipedia_current_nifty500_snapshot,Current constituent snapshot projected backward from the earliest available price date.,Financial Services
POLYCAB.NS,Polycab India Ltd.,2019-04-16,,wikipedia_current_nifty500_snapshot,Current constituent snapshot projected backward from the earliest available price date.,Capital Goods
POLYMED.NS,Poly Medicure Ltd.,2011-12-07,,wikipedia_current_nifty500_snapshot,Current constituent snapshot projected backward from the earliest available price date.,Healthcare
POONAWALLA.NS,Poonawalla Fincorp Ltd.,2004-04-27,,wikipedia_current_nifty500_snapshot,Current constituent snapshot projected backward from the earliest available price date.,Financial Services
POWERGRID.NS,Power Grid Corporation of India Ltd.,2007-10-05,,wikipedia_current_nifty500_snapshot,Current constituent snapshot projected backward from the earliest available price date.,Power
POWERINDIA.NS,Hitachi Energy India Ltd.,2020-03-30,,wikipedia_current_nifty500_snapshot,Current constituent snapshot projected backward from the earliest available price date.,Capital Goods
PPLPHARMA.NS,Piramal Pharma Ltd.,2022-10-19,,wikipedia_current_nifty500_snapshot,Current constituent snapshot projected backward from the earliest available price date.,Healthcare
PRAJIND.NS,Praj Industries Ltd.,2002-07-01,,wikipedia_current_nifty500_snapshot,Current constituent snapshot projected backward from the earliest available price date.,Capital Goods
PRESTIGE.NS,Prestige Estates Projects Ltd.,2010-10-27,,wikipedia_current_nifty500_snapshot,Current constituent snapshot projected backward from the earliest available price date.,Realty
PRINCEPIPE.NS,Prince Pipes and Fittings Ltd.,2019-12-30,,wikipedia_current_nifty500_snapshot,Current constituent snapshot projected backward from the earliest available price date.,Capital Goods
PRSMJOHNSN.NS,Prism Johnson Ltd.,2002-07-01,,wikipedia_current_nifty500_snapshot,Current constituent snapshot projected backward from the earliest available price date.,Construction Materials
PVRINOX.NS,PVR INOX Ltd.,2006-01-04,,wikipedia_current_nifty500_snapshot,Current constituent snapshot projected backward from the earliest available price date.,Media Entertainment & Publication
QUESS.NS,Quess Corp Ltd.,2016-07-12,,wikipedia_current_nifty500_snapshot,Current constituent snapshot projected backward from the earliest available price date.,Services
RADICO.NS,Radico Khaitan Ltd,2003-06-18,,wikipedia_current_nifty500_snapshot,Current constituent snapshot projected backward from the earliest available price date.,Fast Moving Consumer Goods
RAILTEL.NS,Railtel Corporation Of India Ltd.,2021-02-26,,wikipedia_current_nifty500_snapshot,Current constituent snapshot projected backward from the earliest available price date.,Telecommunication
RAINBOW.NS,Rainbow Childrens Medicare Ltd.,2022-05-10,,wikipedia_current_nifty500_snapshot,Current constituent snapshot projected backward from the earliest available price date.,Healthcare
RAJESHEXPO.NS,Rajesh Exports Ltd.,2002-07-01,,wikipedia_current_nifty500_snapshot,Current constituent snapshot projected backward from the earliest available price date.,Consumer Durables
RAMCOCEM.NS,The Ramco Cements Ltd.,2002-07-01,,wikipedia_current_nifty500_snapshot,Current constituent snapshot projected backward from the earliest available price date.,Construction Materials
RATNAMANI.NS,Ratnamani Metals & Tubes Ltd.,2006-05-09,,wikipedia_current_nifty500_snapshot,Current constituent snapshot projected backward from the earliest available price date.,Capital Goods
RAYMOND.NS,Raymond Ltd.,1996-01-01,,wikipedia_current_nifty500_snapshot,Current constituent snapshot projected backward from the earliest available price date.,Textiles
RBA.NS,Restaurant Brands Asia Ltd.,2020-12-14,,wikipedia_current_nifty500_snapshot,Current constituent snapshot projected backward from the earliest available price date.,Consumer Services
RBLBANK.NS,RBL Bank Ltd.,2016-08-31,,wikipedia_current_nifty500_snapshot,Current constituent snapshot projected backward from the earliest available price date.,Financial Services
RCF.NS,Rashtriya Chemicals & Fertilizers Ltd.,2002-07-01,,wikipedia_current_nifty500_snapshot,Current constituent snapshot projected backward from the earliest available price date.,Chemicals
RECLTD.NS,REC Ltd.,2008-03-12,,wikipedia_current_nifty500_snapshot,Current constituent snapshot projected backward from the earliest available price date.,Financial Services
REDINGTON.NS,Redington Ltd.,2007-02-15,,wikipedia_current_nifty500_snapshot,Current constituent snapshot projected backward from the earliest available price date.,Services
RELIANCE.NS,Reliance Industries Ltd.,1996-01-01,,wikipedia_current_nifty500_snapshot,Current constituent snapshot projected backward from the earliest available price date.,Oil Gas & Consumable Fuels
RENUKA.NS,Shree Renuka Sugars Ltd.,2005-10-31,,wikipedia_current_nifty500_snapshot,Current constituent snapshot projected backward from the earliest available price date.,Fast Moving Consumer Goods
RHIM.NS,RHI MAGNESITA INDIA LTD.,2012-03-12,,wikipedia_current_nifty500_snapshot,Current constituent snapshot projected backward from the earliest available price date.,Capital Goods
RITES.NS,RITES Ltd.,2018-07-03,,wikipedia_current_nifty500_snapshot,Current constituent snapshot projected backward from the earliest available price date.,Construction
RKFORGE.NS,Ramkrishna Forgings Ltd.,2004-05-05,,wikipedia_current_nifty500_snapshot,Current constituent snapshot projected backward from the earliest available price date.,Automobile and Auto Components
ROUTE.NS,Route Mobile Ltd.,2020-09-21,,wikipedia_current_nifty500_snapshot,Current constituent snapshot projected backward from the earliest available price date.,Telecommunication
RRKABEL.NS,R R Kabel Ltd.,2023-09-20,,wikipedia_current_nifty500_snapshot,Current constituent snapshot projected backward from the earliest available price date.,Capital Goods
RTNINDIA.NS,RattanIndia Enterprises Ltd.,2012-07-30,,wikipedia_current_nifty500_snapshot,Current constituent snapshot projected backward from the earliest available price date.,Consumer Services
RVNL.NS,Rail Vikas Nigam Ltd.,2019-04-11,,wikipedia_current_nifty500_snapshot,Current constituent snapshot projected backward from the earliest available price date.,Construction
SAFARI.NS,Safari Industries (India) Ltd.,2019-09-12,,wikipedia_current_nifty500_snapshot,Current constituent snapshot projected backward from the earliest available price date.,Consumer Durables
SAIL.NS,Steel Authority of India Ltd.,1996-01-01,,wikipedia_current_nifty500_snapshot,Current constituent snapshot projected backward from the earliest available price date.,Metals & Mining
SAMMAANCAP.NS,Sammaan Capital Ltd.,2013-07-23,,wikipedia_current_nifty500_snapshot,Current constituent snapshot projected backward from the earliest available price date.,Financial Services
SANOFI.NS,Sanofi India Ltd.,2002-07-01,,wikipedia_current_nifty500_snapshot,Current constituent snapshot projected backward from the earliest available price date.,Healthcare
SAPPHIRE.NS,Sapphire Foods India Ltd.,2021-11-18,,wikipedia_current_nifty500_snapshot,Current constituent snapshot projected backward from the earliest available price date.,Consumer Services
SAREGAMA.NS,Saregama India Ltd,2002-07-01,,wikipedia_current_nifty500_snapshot,Current constituent snapshot projected backward from the earliest available price date.,Media Entertainment & Publication
SBFC.NS,SBFC Finance Ltd.,2023-08-16,,wikipedia_current_nifty500_snapshot,Current constituent snapshot projected backward from the earliest available price date.,Financial Services
SBICARD.NS,SBI Cards and Payment Services Ltd.,2020-03-16,,wikipedia_current_nifty500_snapshot,Current constituent snapshot projected backward from the earliest available price date.,Financial Services
SBILIFE.NS,SBI Life Insurance Company Ltd.,2017-10-03,,wikipedia_current_nifty500_snapshot,Current constituent snapshot projected backward from the earliest available price date.,Financial Services
SBIN.NS,State Bank of India,1996-01-01,,wikipedia_current_nifty500_snapshot,Current constituent snapshot projected backward from the earliest available price date.,Financial Services
SCHAEFFLER.NS,Schaeffler India Ltd.,2002-07-01,,wikipedia_current_nifty500_snapshot,Current constituent snapshot projected backward from the earliest available price date.,Automobile and Auto Components
SCHNEIDER.NS,Schneider Electric Infrastructure Ltd.,2012-03-20,,wikipedia_current_nifty500_snapshot,Current constituent snapshot projected backward from the earliest available price date.,Capital Goods
SHREECEM.NS,Shree Cement Ltd.,2001-07-02,,wikipedia_current_nifty500_snapshot,Current constituent snapshot projected backward from the earliest available price date.,Construction Materials
SHRIRAMFIN.NS,Shriram Finance Ltd.,2002-07-01,,wikipedia_current_nifty500_snapshot,Current constituent snapshot projected backward from the earliest available price date.,Financial Services
SHYAMMETL.NS,Shyam Metalics and Energy Ltd.,2021-06-24,,wikipedia_current_nifty500_snapshot,Current constituent snapshot projected backward from the earliest available price date.,Capital Goods
SIEMENS.NS,Siemens Ltd.,1999-01-04,,wikipedia_current_nifty500_snapshot,Current constituent snapshot projected backward from the earliest available price date.,Capital Goods
SIGNATURE.NS,Signatureglobal (India) Ltd.,2023-09-27,,wikipedia_current_nifty500_snapshot,Current constituent snapshot projected backward from the earliest available price date.,Realty
SJVN.NS,SJVN Ltd.,2010-05-20,,wikipedia_current_nifty500_snapshot,Current constituent snapshot projected backward from the earliest available price date.,Power
SKFINDIA.NS,SKF India Ltd.,2002-08-12,,wikipedia_current_nifty500_snapshot,Current constituent snapshot projected backward from the earliest available price date.,Capital Goods
SOBHA.NS,Sobha Ltd.,2006-12-20,,wikipedia_current_nifty500_snapshot,Current constituent snapshot projected backward from the earliest available price date.,Realty
SOLARINDS.NS,Solar Industries India Ltd.,2006-04-03,,wikipedia_current_nifty500_snapshot,Current constituent snapshot projected backward from the earliest available price date.,Chemicals
SONACOMS.NS,Sona BLW Precision Forgings Ltd.,2021-06-24,,wikipedia_current_nifty500_snapshot,Current constituent snapshot projected backward from the earliest available price date.,Automobile and Auto Components
SONATSOFTW.NS,Sonata Software Ltd.,2002-07-01,,wikipedia_current_nifty500_snapshot,Current constituent snapshot projected backward from the earliest available price date.,Information Technology
SPARC.NS,Sun Pharma Advanced Research Company Ltd.,2003-01-14,,wikipedia_current_nifty500_snapshot,Current constituent snapshot projected backward from the earliest available price date.,Healthcare
SRF.NS,SRF Ltd.,2002-07-01,,wikipedia_current_nifty500_snapshot,Current constituent snapshot projected backward from the earliest available price date.,Chemicals
STARHEALTH.NS,Star Health and Allied Insurance Company Ltd.,2021-12-10,,wikipedia_current_nifty500_snapshot,Current constituent snapshot projected backward from the earliest available price date.,Financial Services
STLTECH.NS,Sterlite Technologies Ltd.,2000-12-08,,wikipedia_current_nifty500_snapshot,Current constituent snapshot projected backward from the earliest available price date.,Telecommunication
SUMICHEM.NS,Sumitomo Chemical India Ltd.,2020-01-27,,wikipedia_current_nifty500_snapshot,Current constituent snapshot projected backward from the earliest available price date.,Chemicals
SUNDARMFIN.NS,Sundaram Finance Ltd.,2002-07-01,,wikipedia_current_nifty500_snapshot,Current constituent snapshot projected backward from the earliest available price date.,Financial Services
SUNDRMFAST.NS,Sundram Fasteners Ltd.,2002-07-01,,wikipedia_current_nifty500_snapshot,Current constituent snapshot projected backward from the earliest available price date.,Automobile and Auto Components
SUNPHARMA.NS,Sun Pharmaceutical Industries Ltd.,1996-01-01,,wikipedia_current_nifty500_snapshot,Current constituent snapshot projected backward from the earliest available price date.,Healthcare
SUNTECK.NS,Sunteck Realty Ltd.,2009-11-13,,wikipedia_current_nifty500_snapshot,Current constituent snapshot projected backward from the earliest available price date.,Realty
SUNTV.NS,Sun TV Network Ltd.,2006-04-24,,wikipedia_current_nifty500_snapshot,Current constituent snapshot projected backward from the earliest available price date.,Media Entertainment & Publication
SUPREMEIND.NS,Supreme Industries Ltd.,2002-07-01,,wikipedia_current_nifty500_snapshot,Current constituent snapshot projected backward from the earliest available price date.,Capital Goods
SUZLON.NS,Suzlon Energy Ltd.,2005-10-19,,wikipedia_current_nifty500_snapshot,Current constituent snapshot projected backward from the earliest available price date.,Capital Goods
SWSOLAR.NS,Sterling and Wilson Renewable Energy Ltd.,2019-08-20,,wikipedia_current_nifty500_snapshot,Current constituent snapshot projected backward from the earliest available price date.,Construction
SYNGENE.NS,Syngene International Ltd.,2015-08-11,,wikipedia_current_nifty500_snapshot,Current constituent snapshot projected backward from the earliest available price date.,Healthcare
SYRMA.NS,Syrma SGS Technology Ltd.,2022-08-26,,wikipedia_current_nifty500_snapshot,Current constituent snapshot projected backward from the earliest available price date.,Capital Goods
TANLA.NS,Tanla Platforms Ltd.,2007-01-05,,wikipedia_current_nifty500_snapshot,Current constituent snapshot projected backward from the earliest available price date.,Information Technology
TATACHEM.NS,Tata Chemicals Ltd.,1996-01-01,,wikipedia_current_nifty500_snapshot,Current constituent snapshot projected backward from the earliest available price date.,Chemicals
TATACOMM.NS,Tata Communications Ltd.,2002-07-01,,wikipedia_current_nifty500_snapshot,Current constituent snapshot projected backward from the earliest available price date.,Telecommunication
TATACONSUM.NS,Tata Consumer Products Ltd.,1996-01-01,,wikipedia_current_nifty500_snapshot,Current constituent snapshot projected backward from the earliest available price date.,Fast Moving Consumer Goods
TATAELXSI.NS,Tata Elxsi Ltd.,2002-07-01,,wikipedia_current_nifty500_snapshot,Current constituent snapshot projected backward from the earliest available price date.,Information Technology
TATAINVEST.NS,Tata Investment Corporation Ltd.,1996-01-01,,wikipedia_current_nifty500_snapshot,Current constituent snapshot projected backward from the earliest available price date.,Financial Services
TATAPOWER.NS,Tata Power Co. Ltd.,1996-01-01,,wikipedia_current_nifty500_snapshot,Current constituent snapshot projected backward from the earliest available price date.,Power
TATASTEEL.NS,Tata Steel Ltd.,1996-01-01,,wikipedia_current_nifty500_snapshot,Current constituent snapshot projected backward from the earliest available price date.,Metals & Mining
TATATECH.NS,Tata Technologies Ltd.,2023-11-30,,wikipedia_current_nifty500_snapshot,Current constituent snapshot projected backward from the earliest available price date.,Information Technology
TBOTEK.NS,TBO Tek Ltd.,2024-05-15,,wikipedia_current_nifty500_snapshot,Current constituent snapshot projected backward from the earliest available price date.,Consumer Services
TCS.NS,Tata Consultancy Services Ltd.,2002-08-12,,wikipedia_current_nifty500_snapshot,Current constituent snapshot projected backward from the earliest available price date.,Information Technology
TECHM.NS,Tech Mahindra Ltd.,2006-08-28,,wikipedia_current_nifty500_snapshot,Current constituent snapshot projected backward from the earliest available price date.,Information Technology
TEJASNET.NS,Tejas Networks Ltd.,2017-06-27,,wikipedia_current_nifty500_snapshot,Current constituent snapshot projected backward from the earliest available price date.,Telecommunication
THERMAX.NS,Thermax Ltd.,2002-07-01,,wikipedia_current_nifty500_snapshot,Current constituent snapshot projected backward from the earliest available price date.,Capital Goods
TIINDIA.NS,Tube Investments of India Ltd.,2017-11-02,,wikipedia_current_nifty500_snapshot,Current constituent snapshot projected backward from the earliest available price date.,Automobile and Auto Components
TIMKEN.NS,Timken India Ltd.,2002-08-12,,wikipedia_current_nifty500_snapshot,Current constituent snapshot projected backward from the earliest available price date.,Capital Goods
TITAGARH.NS,Titagarh Rail Systems Ltd.,2008-04-21,,wikipedia_current_nifty500_snapshot,Current constituent snapshot projected backward from the earliest available price date.,Capital Goods
TITAN.NS,Titan Company Ltd.,1996-01-01,,wikipedia_current_nifty500_snapshot,Current constituent snapshot projected backward from the earliest available price date.,Consumer Durables
TMB.NS,Tamilnad Mercantile Bank Ltd.,2022-09-15,,wikipedia_current_nifty500_snapshot,Current constituent snapshot projected backward from the earliest available price date.,Financial Services
TORNTPHARM.NS,Torrent Pharmaceuticals Ltd.,2002-07-01,,wikipedia_current_nifty500_snapshot,Current constituent snapshot projected backward from the earliest available price date.,Healthcare
TORNTPOWER.NS,Torrent Power Ltd.,2006-11-28,,wikipedia_current_nifty500_snapshot,Current constituent snapshot projected backward from the earliest available price date.,Power
TRENT.NS,Trent Ltd.,2002-07-01,,wikipedia_current_nifty500_snapshot,Current constituent snapshot projected backward from the earliest available price date.,Consumer Services
TRIDENT.NS,Trident Ltd.,2002-07-01,,wikipedia_current_nifty500_snapshot,Current constituent snapshot projected backward from the earliest available price date.,Textiles
TRITURBINE.NS,Triveni Turbine Ltd.,2011-10-28,,wikipedia_current_nifty500_snapshot,Current constituent snapshot projected backward from the earliest available price date.,Capital Goods
TRIVENI.NS,Triveni Engineering & Industries Ltd.,2005-12-13,,wikipedia_current_nifty500_snapshot,Current constituent snapshot projected backward from the earliest available price date.,Fast Moving Consumer Goods
TTML.NS,Tata Teleservices (Maharashtra) Ltd.,2000-10-26,,wikipedia_current_nifty500_snapshot,Current constituent snapshot projected backward from the earliest available price date.,Telecommunication
TVSMOTOR.NS,TVS Motor Company Ltd.,2000-08-02,,wikipedia_current_nifty500_snapshot,Current constituent snapshot projected backward from the earliest available price date.,Automobile and Auto Components
TVSSCS.NS,TVS Supply Chain Solutions Ltd.,2023-08-23,,wikipedia_current_nifty500_snapshot,Current constituent snapshot projected backward from the earliest available price date.,Services
UBL.NS,United Breweries Ltd.,2008-07-28,,wikipedia_current_nifty500_snapshot,Current constituent snapshot projected backward from the earliest available price date.,Fast Moving Consumer Goods
UCOBANK.NS,UCO Bank,2003-10-09,,wikipedia_current_nifty500_snapshot,Current constituent snapshot projected backward from the earliest available price date.,Financial Services
UJJIVANSFB.NS,Ujjivan Small Finance Bank Ltd.,2019-12-12,,wikipedia_current_nifty500_snapshot,Current constituent snapshot projected backward from the earliest available price date.,Financial Services
ULTRACEMCO.NS,UltraTech Cement Ltd.,2002-08-12,,wikipedia_current_nifty500_snapshot,Current constituent snapshot projected backward from the earliest available price date.,Construction Materials
UNIONBANK.NS,Union Bank of India,2002-09-24,,wikipedia_current_nifty500_snapshot,Current constituent snapshot projected backward from the earliest available price date.,Financial Services
UNITDSPR.NS,United Spirits Ltd.,2002-07-01,,wikipedia_current_nifty500_snapshot,Current constituent snapshot projected backward from the earliest available price date.,Fast Moving Consumer Goods
UNOMINDA.NS,UNO Minda Ltd.,2007-02-02,,wikipedia_current_nifty500_snapshot,Current constituent snapshot projected backward from the earliest available price date.,Automobile and Auto Components
UPL.NS,UPL Ltd.,2002-07-01,,wikipedia_current_nifty500_snapshot,Current constituent snapshot projected backward from the earliest available price date.,Chemicals
USHAMART.NS,Usha Martin Ltd.,2002-01-01,,wikipedia_current_nifty500_snapshot,Current constituent snapshot projected backward from the earliest available price date.,Capital Goods
UTIAMC.NS,UTI Asset Management Company Ltd.,2020-10-13,,wikipedia_current_nifty500_snapshot,Current constituent snapshot projected backward from the earliest available price date.,Financial Services
VAIBHAVGBL.NS,Vaibhav Global Ltd.,2004-04-06,,wikipedia_current_nifty500_snapshot,Current constituent snapshot projected backward from the earliest available price date.,Consumer Durables
VARROC.NS,Varroc Engineering Ltd.,2018-07-09,,wikipedia_current_nifty500_snapshot,Current constituent snapshot projected backward from the earliest available price date.,Automobile and Auto Components
VBL.NS,Varun Beverages Ltd.,2016-11-08,,wikipedia_current_nifty500_snapshot,Current constituent snapshot projected backward from the earliest available price date.,Fast Moving Consumer Goods
VEDL.NS,Vedanta Ltd.,1996-01-01,,wikipedia_current_nifty500_snapshot,Current constituent snapshot projected backward from the earliest available price date.,Metals & Mining
VGUARD.NS,V-Guard Industries Ltd.,2008-03-13,,wikipedia_current_nifty500_snapshot,Current constituent snapshot projected backward from the earliest available price date.,Consumer Durables
VIJAYA.NS,Vijaya Diagnostic Centre Ltd.,2021-09-14,,wikipedia_current_nifty500_snapshot,Current constituent snapshot projected backward from the earliest available price date.,Healthcare
VIPIND.NS,V.I.P. Industries Ltd.,2002-07-01,,wikipedia_current_nifty500_snapshot,Current constituent snapshot projected backward from the earliest available price date.,Consumer Durables
VOLTAS.NS,Voltas Ltd.,2002-07-01,,wikipedia_current_nifty500_snapshot,Current constituent snapshot projected backward from the earliest available price date.,Consumer Durables
VTL.NS,Vardhman Textiles Ltd.,2002-07-01,,wikipedia_current_nifty500_snapshot,Current constituent snapshot projected backward from the earliest available price date.,Textiles
WELCORP.NS,Welspun Corp Ltd.,2000-06-23,,wikipedia_current_nifty500_snapshot,Current constituent snapshot projected backward from the earliest available price date.,Capital Goods
WELSPUNLIV.NS,Welspun Living Ltd.,2003-12-04,,wikipedia_current_nifty500_snapshot,Current constituent snapshot projected backward from the earliest available price date.,Textiles
WESTLIFE.NS,Westlife Foodworld Ltd.,2019-08-19,,wikipedia_current_nifty500_snapshot,Current constituent snapshot projected backward from the earliest available price date.,Consumer Services
WHIRLPOOL.NS,Whirlpool of India Ltd.,2002-08-12,,wikipedia_current_nifty500_snapshot,Current constituent snapshot projected backward from the earliest available price date.,Consumer Durables
WIPRO.NS,Wipro Ltd.,1996-01-01,,wikipedia_current_nifty500_snapshot,Current constituent snapshot projected backward from the earliest available price date.,Information Technology
YESBANK.NS,Yes Bank Ltd.,2005-07-12,,wikipedia_current_nifty500_snapshot,Current constituent snapshot projected backward from the earliest available price date.,Financial Services
ZEEL.NS,Zee Entertainment Enterprises Ltd.,2002-07-01,,wikipedia_current_nifty500_snapshot,Current constituent snapshot projected backward from the earliest available price date.,Media Entertainment & Publication
ZENSARTECH.NS,Zensar Technologies Ltd.,2002-07-01,,wikipedia_current_nifty500_snapshot,Current constituent snapshot projected backward from the earliest available price date.,Information Technology
ZFCVINDIA.NS,ZF Commercial Vehicle Control Systems India Ltd.,2002-08-12,,wikipedia_current_nifty500_snapshot,Current constituent snapshot projected backward from the earliest available price date.,Automobile and Auto Components
ZYDUSLIFE.NS,Zydus Lifesciences Ltd.,2000-04-27,,wikipedia_current_nifty500_snapshot,Current constituent snapshot projected backward from the earliest available price date.,Healthcare
