date,eligible_ticker_count,universe_mode,survivorship_bias_status,count_change,count_change_pct
2007-09-17,281,current_snapshot_only,high,0.0,0.0
2007-10-01,281,current_snapshot_only,high,0.0,0.0
2007-11-01,282,current_snapshot_only,high,1.0,0.3558718861209964
2007-12-03,285,current_snapshot_only,high,3.0,1.0638297872340425
2008-01-01,288,current_snapshot_only,high,3.0,1.0526315789473684
2008-02-01,289,current_snapshot_only,high,1.0,0.3472222222222222
2008-03-03,292,current_snapshot_only,high,3.0,1.0380622837370241
2008-04-01,294,current_snapshot_only,high,2.0,0.684931506849315
2008-05-02,295,current_snapshot_only,high,1.0,0.3401360544217687
2008-06-02,295,current_snapshot_only,high,0.0,0.0
2008-07-01,295,current_snapshot_only,high,0.0,0.0
2008-08-01,296,current_snapshot_only,high,1.0,0.3389830508474576
2008-09-01,296,current_snapshot_only,high,0.0,0.0
2008-10-01,296,current_snapshot_only,high,0.0,0.0
2008-11-03,296,current_snapshot_only,high,0.0,0.0
2008-12-01,296,current_snapshot_only,high,0.0,0.0
2009-01-02,296,current_snapshot_only,high,0.0,0.0
2009-02-02,296,current_snapshot_only,high,0.0,0.0
2009-03-02,296,current_snapshot_only,high,0.0,0.0
2009-04-01,296,current_snapshot_only,high,0.0,0.0
2009-05-04,296,current_snapshot_only,high,0.0,0.0
2009-06-01,296,current_snapshot_only,high,0.0,0.0
2009-07-01,296,current_snapshot_only,high,0.0,0.0
2009-08-03,297,current_snapshot_only,high,1.0,0.33783783783783783
2009-09-01,299,current_snapshot_only,high,2.0,0.6734006734006733
2009-10-01,300,current_snapshot_only,high,1.0,0.33444816053511706
2009-11-03,300,current_snapshot_only,high,0.0,0.0
2009-12-01,301,current_snapshot_only,high,1.0,0.33333333333333337
2010-01-04,302,current_snapshot_only,high,1.0,0.33222591362126247
2010-02-01,307,current_snapshot_only,high,5.0,1.6556291390728477
2010-03-02,308,current_snapshot_only,high,1.0,0.32573289902280134
2010-04-01,308,current_snapshot_only,high,0.0,0.0
2010-05-03,309,current_snapshot_only,high,1.0,0.3246753246753247
2010-06-01,310,current_snapshot_only,high,1.0,0.3236245954692557
2010-07-01,311,current_snapshot_only,high,1.0,0.3225806451612903
2010-08-02,311,current_snapshot_only,high,0.0,0.0
2010-09-01,311,current_snapshot_only,high,0.0,0.0
2010-10-01,313,current_snapshot_only,high,2.0,0.6430868167202572
2010-11-01,317,current_snapshot_only,high,4.0,1.2779552715654952
2010-12-01,318,current_snapshot_only,high,1.0,0.31545741324921134
2011-01-03,318,current_snapshot_only,high,0.0,0.0
2011-02-01,318,current_snapshot_only,high,0.0,0.0
2011-03-01,318,current_snapshot_only,high,0.0,0.0
2011-04-01,318,current_snapshot_only,high,0.0,0.0
2011-05-02,318,current_snapshot_only,high,0.0,0.0
2011-06-01,319,current_snapshot_only,high,1.0,0.3144654088050315
2011-07-01,320,current_snapshot_only,high,1.0,0.3134796238244514
2011-08-01,320,current_snapshot_only,high,0.0,0.0
2011-09-02,321,current_snapshot_only,high,1.0,0.3125
2011-10-03,322,current_snapshot_only,high,1.0,0.3115264797507788
2011-11-01,323,current_snapshot_only,high,1.0,0.3105590062111801
2011-12-01,323,current_snapshot_only,high,0.0,0.0
2012-01-02,325,current_snapshot_only,high,2.0,0.6191950464396285
2012-02-01,325,current_snapshot_only,high,0.0,0.0
2012-03-01,325,current_snapshot_only,high,0.0,0.0
2012-04-02,329,current_snapshot_only,high,4.0,1.2307692307692308
2012-05-02,330,current_snapshot_only,high,1.0,0.303951367781155
2012-06-01,330,current_snapshot_only,high,0.0,0.0
2012-07-02,330,current_snapshot_only,high,0.0,0.0
2012-08-01,331,current_snapshot_only,high,1.0,0.30303030303030304
2012-09-03,331,current_snapshot_only,high,0.0,0.0
2012-10-01,331,current_snapshot_only,high,0.0,0.0
2012-11-01,331,current_snapshot_only,high,0.0,0.0
2012-12-03,331,current_snapshot_only,high,0.0,0.0
2013-01-01,332,current_snapshot_only,high,1.0,0.3021148036253776
2013-02-01,332,current_snapshot_only,high,0.0,0.0
2013-03-01,332,current_snapshot_only,high,0.0,0.0
2013-04-01,332,current_snapshot_only,high,0.0,0.0
2013-05-02,332,current_snapshot_only,high,0.0,0.0
2013-06-03,332,current_snapshot_only,high,0.0,0.0
2013-07-01,333,current_snapshot_only,high,1.0,0.30120481927710846
2013-08-01,335,current_snapshot_only,high,2.0,0.6006006006006006
2013-09-02,335,current_snapshot_only,high,0.0,0.0
2013-10-01,335,current_snapshot_only,high,0.0,0.0
2013-11-01,335,current_snapshot_only,high,0.0,0.0
2013-12-02,335,current_snapshot_only,high,0.0,0.0
2014-01-01,335,current_snapshot_only,high,0.0,0.0
2014-02-03,335,current_snapshot_only,high,0.0,0.0
2014-03-03,335,current_snapshot_only,high,0.0,0.0
2014-04-01,335,current_snapshot_only,high,0.0,0.0
2014-05-02,335,current_snapshot_only,high,0.0,0.0
2014-06-02,335,current_snapshot_only,high,0.0,0.0
2014-07-01,336,current_snapshot_only,high,1.0,0.2985074626865672
2014-08-01,336,current_snapshot_only,high,0.0,0.0
2014-09-01,336,current_snapshot_only,high,0.0,0.0
2014-10-01,336,current_snapshot_only,high,0.0,0.0
2014-11-03,336,current_snapshot_only,high,0.0,0.0
2014-12-01,336,current_snapshot_only,high,0.0,0.0
2015-01-01,337,current_snapshot_only,high,1.0,0.2976190476190476
2015-02-02,337,current_snapshot_only,high,0.0,0.0
2015-03-02,337,current_snapshot_only,high,0.0,0.0
2015-04-01,337,current_snapshot_only,high,0.0,0.0
2015-05-04,338,current_snapshot_only,high,1.0,0.2967359050445104
2015-06-01,339,current_snapshot_only,high,1.0,0.2958579881656805
2015-07-01,339,current_snapshot_only,high,0.0,0.0
2015-08-03,340,current_snapshot_only,high,1.0,0.2949852507374631
2015-09-01,341,current_snapshot_only,high,1.0,0.29411764705882354
2015-10-01,342,current_snapshot_only,high,1.0,0.2932551319648094
2015-11-02,342,current_snapshot_only,high,0.0,0.0
2015-12-01,344,current_snapshot_only,high,2.0,0.5847953216374269
2016-01-01,346,current_snapshot_only,high,2.0,0.5813953488372093
2016-02-01,347,current_snapshot_only,high,1.0,0.2890173410404624
2016-03-01,347,current_snapshot_only,high,0.0,0.0
2016-04-01,347,current_snapshot_only,high,0.0,0.0
2016-05-02,347,current_snapshot_only,high,0.0,0.0
2016-06-01,348,current_snapshot_only,high,1.0,0.2881844380403458
2016-07-01,350,current_snapshot_only,high,2.0,0.5747126436781609
2016-08-01,351,current_snapshot_only,high,1.0,0.2857142857142857
2016-09-01,352,current_snapshot_only,high,1.0,0.2849002849002849
2016-10-03,354,current_snapshot_only,high,2.0,0.5681818181818182
2016-11-01,355,current_snapshot_only,high,1.0,0.2824858757062147
2016-12-01,357,current_snapshot_only,high,2.0,0.5633802816901409
2017-01-02,358,current_snapshot_only,high,1.0,0.2801120448179272
2017-02-01,358,current_snapshot_only,high,0.0,0.0
2017-03-01,359,current_snapshot_only,high,1.0,0.27932960893854747
2017-04-03,360,current_snapshot_only,high,1.0,0.2785515320334262
2017-05-02,360,current_snapshot_only,high,0.0,0.0
2017-06-01,361,current_snapshot_only,high,1.0,0.2777777777777778
2017-07-03,364,current_snapshot_only,high,3.0,0.8310249307479225
2017-08-01,365,current_snapshot_only,high,1.0,0.27472527472527475
2017-09-01,367,current_snapshot_only,high,2.0,0.547945205479452
2017-10-03,370,current_snapshot_only,high,3.0,0.8174386920980926
2017-11-01,372,current_snapshot_only,high,2.0,0.5405405405405406
2017-12-01,376,current_snapshot_only,high,4.0,1.0752688172043012
2018-01-01,376,current_snapshot_only,high,0.0,0.0
2018-02-01,377,current_snapshot_only,high,1.0,0.26595744680851063
2018-03-01,378,current_snapshot_only,high,1.0,0.2652519893899204
2018-04-02,382,current_snapshot_only,high,4.0,1.0582010582010581
2018-05-02,383,current_snapshot_only,high,1.0,0.2617801047120419
2018-06-01,384,current_snapshot_only,high,1.0,0.26109660574412535
2018-07-02,386,current_snapshot_only,high,2.0,0.5208333333333333
2018-08-01,388,current_snapshot_only,high,2.0,0.5181347150259068
2018-09-03,390,current_snapshot_only,high,2.0,0.5154639175257731
2018-10-01,391,current_snapshot_only,high,1.0,0.2564102564102564
2018-11-01,393,current_snapshot_only,high,2.0,0.5115089514066496
2018-12-03,394,current_snapshot_only,high,1.0,0.2544529262086514
2019-01-01,395,current_snapshot_only,high,1.0,0.25380710659898476
2019-02-01,395,current_snapshot_only,high,0.0,0.0
2019-03-01,396,current_snapshot_only,high,1.0,0.25316455696202533
2019-04-01,396,current_snapshot_only,high,0.0,0.0
2019-05-02,400,current_snapshot_only,high,4.0,1.0101010101010102
2019-06-03,400,current_snapshot_only,high,0.0,0.0
2019-07-01,400,current_snapshot_only,high,0.0,0.0
2019-08-01,401,current_snapshot_only,high,1.0,0.25
2019-09-03,404,current_snapshot_only,high,3.0,0.7481296758104738
2019-10-01,406,current_snapshot_only,high,2.0,0.49504950495049505
2019-11-01,408,current_snapshot_only,high,2.0,0.49261083743842365
2019-12-02,408,current_snapshot_only,high,0.0,0.0
2020-01-01,411,current_snapshot_only,high,3.0,0.7352941176470588
2020-02-03,412,current_snapshot_only,high,1.0,0.24330900243309003
2020-03-02,412,current_snapshot_only,high,0.0,0.0
2020-04-01,414,current_snapshot_only,high,2.0,0.48543689320388345
2020-05-04,414,current_snapshot_only,high,0.0,0.0
2020-06-01,414,current_snapshot_only,high,0.0,0.0
2020-07-01,414,current_snapshot_only,high,0.0,0.0
2020-08-03,414,current_snapshot_only,high,0.0,0.0
2020-09-01,415,current_snapshot_only,high,1.0,0.24154589371980675
2020-10-01,417,current_snapshot_only,high,2.0,0.48192771084337355
2020-11-02,422,current_snapshot_only,high,5.0,1.1990407673860912
2020-12-01,423,current_snapshot_only,high,1.0,0.23696682464454977
2021-01-04,424,current_snapshot_only,high,1.0,0.2364066193853428
2021-02-01,425,current_snapshot_only,high,1.0,0.2358490566037736
2021-03-01,428,current_snapshot_only,high,3.0,0.7058823529411765
2021-04-01,435,current_snapshot_only,high,7.0,1.6355140186915886
2021-05-03,436,current_snapshot_only,high,1.0,0.22988505747126436
2021-06-01,436,current_snapshot_only,high,0.0,0.0
2021-07-01,439,current_snapshot_only,high,3.0,0.6880733944954129
2021-08-02,441,current_snapshot_only,high,2.0,0.45558086560364464
2021-09-01,446,current_snapshot_only,high,5.0,1.1337868480725624
2021-10-01,447,current_snapshot_only,high,1.0,0.2242152466367713
2021-11-01,447,current_snapshot_only,high,0.0,0.0
2021-12-01,452,current_snapshot_only,high,5.0,1.1185682326621924
2022-01-03,458,current_snapshot_only,high,6.0,1.3274336283185841
2022-02-01,458,current_snapshot_only,high,0.0,0.0
2022-03-02,460,current_snapshot_only,high,2.0,0.43668122270742354
2022-04-01,461,current_snapshot_only,high,1.0,0.21739130434782608
2022-05-02,461,current_snapshot_only,high,0.0,0.0
2022-06-01,465,current_snapshot_only,high,4.0,0.8676789587852495
2022-07-01,466,current_snapshot_only,high,1.0,0.21505376344086022
2022-08-01,466,current_snapshot_only,high,0.0,0.0
2022-09-01,467,current_snapshot_only,high,1.0,0.2145922746781116
2022-10-03,468,current_snapshot_only,high,1.0,0.21413276231263384
2022-11-01,469,current_snapshot_only,high,1.0,0.2136752136752137
2022-12-01,474,current_snapshot_only,high,5.0,1.0660980810234542
2023-01-02,475,current_snapshot_only,high,1.0,0.21097046413502107
2023-02-01,475,current_snapshot_only,high,0.0,0.0
2023-03-01,476,current_snapshot_only,high,1.0,0.21052631578947367
2023-04-03,476,current_snapshot_only,high,0.0,0.0
2023-05-02,476,current_snapshot_only,high,0.0,0.0
2023-06-01,477,current_snapshot_only,high,1.0,0.21008403361344538
2023-07-03,477,current_snapshot_only,high,0.0,0.0
2023-08-01,478,current_snapshot_only,high,1.0,0.20964360587002098
2023-09-01,482,current_snapshot_only,high,4.0,0.8368200836820083
2023-10-03,486,current_snapshot_only,high,4.0,0.8298755186721992
2023-11-01,486,current_snapshot_only,high,0.0,0.0
2023-12-01,489,current_snapshot_only,high,3.0,0.6172839506172839
2024-01-02,491,current_snapshot_only,high,2.0,0.408997955010225
2024-02-01,491,current_snapshot_only,high,0.0,0.0
2024-03-01,491,current_snapshot_only,high,0.0,0.0
2024-04-01,491,current_snapshot_only,high,0.0,0.0
2024-05-02,491,current_snapshot_only,high,0.0,0.0
2024-06-03,492,current_snapshot_only,high,1.0,0.20366598778004072
2024-07-01,492,current_snapshot_only,high,0.0,0.0
2024-08-01,492,current_snapshot_only,high,0.0,0.0
2024-09-02,492,current_snapshot_only,high,0.0,0.0
2024-10-01,492,current_snapshot_only,high,0.0,0.0
2024-11-01,492,current_snapshot_only,high,0.0,0.0
2024-12-02,492,current_snapshot_only,high,0.0,0.0
2025-01-02,492,current_snapshot_only,high,0.0,0.0
2025-02-03,492,current_snapshot_only,high,0.0,0.0
2025-03-03,492,current_snapshot_only,high,0.0,0.0
2025-04-01,492,current_snapshot_only,high,0.0,0.0
2025-05-02,492,current_snapshot_only,high,0.0,0.0
2025-06-02,492,current_snapshot_only,high,0.0,0.0
2025-07-01,492,current_snapshot_only,high,0.0,0.0
2025-08-01,492,current_snapshot_only,high,0.0,0.0
2025-09-01,492,current_snapshot_only,high,0.0,0.0
2025-10-01,492,current_snapshot_only,high,0.0,0.0
2025-11-03,492,current_snapshot_only,high,0.0,0.0
2025-12-01,492,current_snapshot_only,high,0.0,0.0
