date,eligible_ticker_count,sample_tickers
2007-10-01,281,"3MINDIA.NS,AARTIIND.NS,ABB.NS,ABBOTINDIA.NS,ABREL.NS,ACC.NS,ACE.NS,ADANIENT.NS,AEGISLOG.NS,AIAENG.NS"
2007-11-01,282,"3MINDIA.NS,AARTIIND.NS,ABB.NS,ABBOTINDIA.NS,ABREL.NS,ACC.NS,ACE.NS,ADANIENT.NS,AEGISLOG.NS,AIAENG.NS"
2007-12-01,285,"3MINDIA.NS,AARTIIND.NS,ABB.NS,ABBOTINDIA.NS,ABREL.NS,ACC.NS,ACE.NS,ADANIENT.NS,ADANIPORTS.NS,AEGISLOG.NS"
2008-01-01,288,"3MINDIA.NS,AARTIIND.NS,ABB.NS,ABBOTINDIA.NS,ABREL.NS,ACC.NS,ACE.NS,ADANIENT.NS,ADANIPORTS.NS,AEGISLOG.NS"
2008-02-01,289,"3MINDIA.NS,AARTIIND.NS,ABB.NS,ABBOTINDIA.NS,ABREL.NS,ACC.NS,ACE.NS,ADANIENT.NS,ADANIPORTS.NS,AEGISLOG.NS"
2008-03-01,291,"3MINDIA.NS,AARTIIND.NS,ABB.NS,ABBOTINDIA.NS,ABREL.NS,ACC.NS,ACE.NS,ADANIENT.NS,ADANIPORTS.NS,AEGISLOG.NS"
2008-04-01,294,"3MINDIA.NS,AARTIIND.NS,ABB.NS,ABBOTINDIA.NS,ABREL.NS,ACC.NS,ACE.NS,ADANIENT.NS,ADANIPORTS.NS,AEGISLOG.NS"
2008-05-01,295,"3MINDIA.NS,AARTIIND.NS,ABB.NS,ABBOTINDIA.NS,ABREL.NS,ACC.NS,ACE.NS,ADANIENT.NS,ADANIPORTS.NS,AEGISLOG.NS"
2008-06-01,295,"3MINDIA.NS,AARTIIND.NS,ABB.NS,ABBOTINDIA.NS,ABREL.NS,ACC.NS,ACE.NS,ADANIENT.NS,ADANIPORTS.NS,AEGISLOG.NS"
2008-07-01,295,"3MINDIA.NS,AARTIIND.NS,ABB.NS,ABBOTINDIA.NS,ABREL.NS,ACC.NS,ACE.NS,ADANIENT.NS,ADANIPORTS.NS,AEGISLOG.NS"
2008-08-01,296,"3MINDIA.NS,AARTIIND.NS,ABB.NS,ABBOTINDIA.NS,ABREL.NS,ACC.NS,ACE.NS,ADANIENT.NS,ADANIPORTS.NS,AEGISLOG.NS"
2008-09-01,296,"3MINDIA.NS,AARTIIND.NS,ABB.NS,ABBOTINDIA.NS,ABREL.NS,ACC.NS,ACE.NS,ADANIENT.NS,ADANIPORTS.NS,AEGISLOG.NS"
2008-10-01,296,"3MINDIA.NS,AARTIIND.NS,ABB.NS,ABBOTINDIA.NS,ABREL.NS,ACC.NS,ACE.NS,ADANIENT.NS,ADANIPORTS.NS,AEGISLOG.NS"
2008-11-01,296,"3MINDIA.NS,AARTIIND.NS,ABB.NS,ABBOTINDIA.NS,ABREL.NS,ACC.NS,ACE.NS,ADANIENT.NS,ADANIPORTS.NS,AEGISLOG.NS"
2008-12-01,296,"3MINDIA.NS,AARTIIND.NS,ABB.NS,ABBOTINDIA.NS,ABREL.NS,ACC.NS,ACE.NS,ADANIENT.NS,ADANIPORTS.NS,AEGISLOG.NS"
2009-01-01,296,"3MINDIA.NS,AARTIIND.NS,ABB.NS,ABBOTINDIA.NS,ABREL.NS,ACC.NS,ACE.NS,ADANIENT.NS,ADANIPORTS.NS,AEGISLOG.NS"
2009-02-01,296,"3MINDIA.NS,AARTIIND.NS,ABB.NS,ABBOTINDIA.NS,ABREL.NS,ACC.NS,ACE.NS,ADANIENT.NS,ADANIPORTS.NS,AEGISLOG.NS"
2009-03-01,296,"3MINDIA.NS,AARTIIND.NS,ABB.NS,ABBOTINDIA.NS,ABREL.NS,ACC.NS,ACE.NS,ADANIENT.NS,ADANIPORTS.NS,AEGISLOG.NS"
2009-04-01,296,"3MINDIA.NS,AARTIIND.NS,ABB.NS,ABBOTINDIA.NS,ABREL.NS,ACC.NS,ACE.NS,ADANIENT.NS,ADANIPORTS.NS,AEGISLOG.NS"
2009-05-01,296,"3MINDIA.NS,AARTIIND.NS,ABB.NS,ABBOTINDIA.NS,ABREL.NS,ACC.NS,ACE.NS,ADANIENT.NS,ADANIPORTS.NS,AEGISLOG.NS"
2009-06-01,296,"3MINDIA.NS,AARTIIND.NS,ABB.NS,ABBOTINDIA.NS,ABREL.NS,ACC.NS,ACE.NS,ADANIENT.NS,ADANIPORTS.NS,AEGISLOG.NS"
2009-07-01,296,"3MINDIA.NS,AARTIIND.NS,ABB.NS,ABBOTINDIA.NS,ABREL.NS,ACC.NS,ACE.NS,ADANIENT.NS,ADANIPORTS.NS,AEGISLOG.NS"
2009-08-01,297,"3MINDIA.NS,AARTIIND.NS,ABB.NS,ABBOTINDIA.NS,ABREL.NS,ACC.NS,ACE.NS,ADANIENT.NS,ADANIPORTS.NS,AEGISLOG.NS"
2009-09-01,299,"3MINDIA.NS,AARTIIND.NS,ABB.NS,ABBOTINDIA.NS,ABREL.NS,ACC.NS,ACE.NS,ADANIENT.NS,ADANIPORTS.NS,ADANIPOWER.NS"
2009-10-01,300,"3MINDIA.NS,AARTIIND.NS,ABB.NS,ABBOTINDIA.NS,ABREL.NS,ACC.NS,ACE.NS,ADANIENT.NS,ADANIPORTS.NS,ADANIPOWER.NS"
2009-11-01,300,"3MINDIA.NS,AARTIIND.NS,ABB.NS,ABBOTINDIA.NS,ABREL.NS,ACC.NS,ACE.NS,ADANIENT.NS,ADANIPORTS.NS,ADANIPOWER.NS"
2009-12-01,301,"3MINDIA.NS,AARTIIND.NS,ABB.NS,ABBOTINDIA.NS,ABREL.NS,ACC.NS,ACE.NS,ADANIENT.NS,ADANIPORTS.NS,ADANIPOWER.NS"
2010-01-01,301,"3MINDIA.NS,AARTIIND.NS,ABB.NS,ABBOTINDIA.NS,ABREL.NS,ACC.NS,ACE.NS,ADANIENT.NS,ADANIPORTS.NS,ADANIPOWER.NS"
2010-02-01,307,"3MINDIA.NS,AARTIIND.NS,ABB.NS,ABBOTINDIA.NS,ABREL.NS,ACC.NS,ACE.NS,ADANIENT.NS,ADANIPORTS.NS,ADANIPOWER.NS"
2010-03-01,308,"3MINDIA.NS,AARTIIND.NS,ABB.NS,ABBOTINDIA.NS,ABREL.NS,ACC.NS,ACE.NS,ADANIENT.NS,ADANIPORTS.NS,ADANIPOWER.NS"
2010-04-01,308,"3MINDIA.NS,AARTIIND.NS,ABB.NS,ABBOTINDIA.NS,ABREL.NS,ACC.NS,ACE.NS,ADANIENT.NS,ADANIPORTS.NS,ADANIPOWER.NS"
2010-05-01,309,"3MINDIA.NS,AARTIIND.NS,ABB.NS,ABBOTINDIA.NS,ABREL.NS,ACC.NS,ACE.NS,ADANIENT.NS,ADANIPORTS.NS,ADANIPOWER.NS"
2010-06-01,310,"3MINDIA.NS,AARTIIND.NS,ABB.NS,ABBOTINDIA.NS,ABREL.NS,ACC.NS,ACE.NS,ADANIENT.NS,ADANIPORTS.NS,ADANIPOWER.NS"
2010-07-01,311,"3MINDIA.NS,AARTIIND.NS,ABB.NS,ABBOTINDIA.NS,ABREL.NS,ACC.NS,ACE.NS,ADANIENT.NS,ADANIPORTS.NS,ADANIPOWER.NS"
2010-08-01,311,"3MINDIA.NS,AARTIIND.NS,ABB.NS,ABBOTINDIA.NS,ABREL.NS,ACC.NS,ACE.NS,ADANIENT.NS,ADANIPORTS.NS,ADANIPOWER.NS"
2010-09-01,311,"3MINDIA.NS,AARTIIND.NS,ABB.NS,ABBOTINDIA.NS,ABREL.NS,ACC.NS,ACE.NS,ADANIENT.NS,ADANIPORTS.NS,ADANIPOWER.NS"
2010-10-01,313,"3MINDIA.NS,AARTIIND.NS,ABB.NS,ABBOTINDIA.NS,ABREL.NS,ACC.NS,ACE.NS,ADANIENT.NS,ADANIPORTS.NS,ADANIPOWER.NS"
2010-11-01,317,"3MINDIA.NS,AARTIIND.NS,ABB.NS,ABBOTINDIA.NS,ABREL.NS,ACC.NS,ACE.NS,ADANIENT.NS,ADANIPORTS.NS,ADANIPOWER.NS"
2010-12-01,318,"3MINDIA.NS,AARTIIND.NS,ABB.NS,ABBOTINDIA.NS,ABREL.NS,ACC.NS,ACE.NS,ADANIENT.NS,ADANIPORTS.NS,ADANIPOWER.NS"
2011-01-01,318,"3MINDIA.NS,AARTIIND.NS,ABB.NS,ABBOTINDIA.NS,ABREL.NS,ACC.NS,ACE.NS,ADANIENT.NS,ADANIPORTS.NS,ADANIPOWER.NS"
2011-02-01,318,"3MINDIA.NS,AARTIIND.NS,ABB.NS,ABBOTINDIA.NS,ABREL.NS,ACC.NS,ACE.NS,ADANIENT.NS,ADANIPORTS.NS,ADANIPOWER.NS"
2011-03-01,318,"3MINDIA.NS,AARTIIND.NS,ABB.NS,ABBOTINDIA.NS,ABREL.NS,ACC.NS,ACE.NS,ADANIENT.NS,ADANIPORTS.NS,ADANIPOWER.NS"
2011-04-01,318,"3MINDIA.NS,AARTIIND.NS,ABB.NS,ABBOTINDIA.NS,ABREL.NS,ACC.NS,ACE.NS,ADANIENT.NS,ADANIPORTS.NS,ADANIPOWER.NS"
2011-05-01,318,"3MINDIA.NS,AARTIIND.NS,ABB.NS,ABBOTINDIA.NS,ABREL.NS,ACC.NS,ACE.NS,ADANIENT.NS,ADANIPORTS.NS,ADANIPOWER.NS"
2011-06-01,319,"3MINDIA.NS,AARTIIND.NS,ABB.NS,ABBOTINDIA.NS,ABREL.NS,ACC.NS,ACE.NS,ADANIENT.NS,ADANIPORTS.NS,ADANIPOWER.NS"
2011-07-01,320,"3MINDIA.NS,AARTIIND.NS,ABB.NS,ABBOTINDIA.NS,ABREL.NS,ACC.NS,ACE.NS,ADANIENT.NS,ADANIPORTS.NS,ADANIPOWER.NS"
2011-08-01,320,"3MINDIA.NS,AARTIIND.NS,ABB.NS,ABBOTINDIA.NS,ABREL.NS,ACC.NS,ACE.NS,ADANIENT.NS,ADANIPORTS.NS,ADANIPOWER.NS"
2011-09-01,321,"3MINDIA.NS,AARTIIND.NS,ABB.NS,ABBOTINDIA.NS,ABREL.NS,ACC.NS,ACE.NS,ADANIENT.NS,ADANIPORTS.NS,ADANIPOWER.NS"
2011-10-01,322,"3MINDIA.NS,AARTIIND.NS,ABB.NS,ABBOTINDIA.NS,ABREL.NS,ACC.NS,ACE.NS,ADANIENT.NS,ADANIPORTS.NS,ADANIPOWER.NS"
2011-11-01,323,"3MINDIA.NS,AARTIIND.NS,ABB.NS,ABBOTINDIA.NS,ABREL.NS,ACC.NS,ACE.NS,ADANIENT.NS,ADANIPORTS.NS,ADANIPOWER.NS"
2011-12-01,323,"3MINDIA.NS,AARTIIND.NS,ABB.NS,ABBOTINDIA.NS,ABREL.NS,ACC.NS,ACE.NS,ADANIENT.NS,ADANIPORTS.NS,ADANIPOWER.NS"
2012-01-01,325,"3MINDIA.NS,AARTIIND.NS,ABB.NS,ABBOTINDIA.NS,ABREL.NS,ACC.NS,ACE.NS,ADANIENT.NS,ADANIPORTS.NS,ADANIPOWER.NS"
2012-02-01,325,"3MINDIA.NS,AARTIIND.NS,ABB.NS,ABBOTINDIA.NS,ABREL.NS,ACC.NS,ACE.NS,ADANIENT.NS,ADANIPORTS.NS,ADANIPOWER.NS"
2012-03-01,325,"3MINDIA.NS,AARTIIND.NS,ABB.NS,ABBOTINDIA.NS,ABREL.NS,ACC.NS,ACE.NS,ADANIENT.NS,ADANIPORTS.NS,ADANIPOWER.NS"
2012-04-01,329,"3MINDIA.NS,AARTIIND.NS,ABB.NS,ABBOTINDIA.NS,ABREL.NS,ACC.NS,ACE.NS,ADANIENT.NS,ADANIPORTS.NS,ADANIPOWER.NS"
2012-05-01,330,"3MINDIA.NS,AARTIIND.NS,ABB.NS,ABBOTINDIA.NS,ABREL.NS,ACC.NS,ACE.NS,ADANIENT.NS,ADANIPORTS.NS,ADANIPOWER.NS"
2012-06-01,330,"3MINDIA.NS,AARTIIND.NS,ABB.NS,ABBOTINDIA.NS,ABREL.NS,ACC.NS,ACE.NS,ADANIENT.NS,ADANIPORTS.NS,ADANIPOWER.NS"
2012-07-01,330,"3MINDIA.NS,AARTIIND.NS,ABB.NS,ABBOTINDIA.NS,ABREL.NS,ACC.NS,ACE.NS,ADANIENT.NS,ADANIPORTS.NS,ADANIPOWER.NS"
2012-08-01,331,"3MINDIA.NS,AARTIIND.NS,ABB.NS,ABBOTINDIA.NS,ABREL.NS,ACC.NS,ACE.NS,ADANIENT.NS,ADANIPORTS.NS,ADANIPOWER.NS"
2012-09-01,331,"3MINDIA.NS,AARTIIND.NS,ABB.NS,ABBOTINDIA.NS,ABREL.NS,ACC.NS,ACE.NS,ADANIENT.NS,ADANIPORTS.NS,ADANIPOWER.NS"
2012-10-01,331,"3MINDIA.NS,AARTIIND.NS,ABB.NS,ABBOTINDIA.NS,ABREL.NS,ACC.NS,ACE.NS,ADANIENT.NS,ADANIPORTS.NS,ADANIPOWER.NS"
2012-11-01,331,"3MINDIA.NS,AARTIIND.NS,ABB.NS,ABBOTINDIA.NS,ABREL.NS,ACC.NS,ACE.NS,ADANIENT.NS,ADANIPORTS.NS,ADANIPOWER.NS"
2012-12-01,331,"3MINDIA.NS,AARTIIND.NS,ABB.NS,ABBOTINDIA.NS,ABREL.NS,ACC.NS,ACE.NS,ADANIENT.NS,ADANIPORTS.NS,ADANIPOWER.NS"
2013-01-01,332,"3MINDIA.NS,AARTIIND.NS,ABB.NS,ABBOTINDIA.NS,ABREL.NS,ACC.NS,ACE.NS,ADANIENT.NS,ADANIPORTS.NS,ADANIPOWER.NS"
2013-02-01,332,"3MINDIA.NS,AARTIIND.NS,ABB.NS,ABBOTINDIA.NS,ABREL.NS,ACC.NS,ACE.NS,ADANIENT.NS,ADANIPORTS.NS,ADANIPOWER.NS"
2013-03-01,332,"3MINDIA.NS,AARTIIND.NS,ABB.NS,ABBOTINDIA.NS,ABREL.NS,ACC.NS,ACE.NS,ADANIENT.NS,ADANIPORTS.NS,ADANIPOWER.NS"
2013-04-01,332,"3MINDIA.NS,AARTIIND.NS,ABB.NS,ABBOTINDIA.NS,ABREL.NS,ACC.NS,ACE.NS,ADANIENT.NS,ADANIPORTS.NS,ADANIPOWER.NS"
2013-05-01,332,"3MINDIA.NS,AARTIIND.NS,ABB.NS,ABBOTINDIA.NS,ABREL.NS,ACC.NS,ACE.NS,ADANIENT.NS,ADANIPORTS.NS,ADANIPOWER.NS"
2013-06-01,332,"3MINDIA.NS,AARTIIND.NS,ABB.NS,ABBOTINDIA.NS,ABREL.NS,ACC.NS,ACE.NS,ADANIENT.NS,ADANIPORTS.NS,ADANIPOWER.NS"
2013-07-01,333,"3MINDIA.NS,AARTIIND.NS,ABB.NS,ABBOTINDIA.NS,ABREL.NS,ACC.NS,ACE.NS,ADANIENT.NS,ADANIPORTS.NS,ADANIPOWER.NS"
2013-08-01,335,"3MINDIA.NS,AARTIIND.NS,ABB.NS,ABBOTINDIA.NS,ABFRL.NS,ABREL.NS,ACC.NS,ACE.NS,ADANIENT.NS,ADANIPORTS.NS"
2013-09-01,335,"3MINDIA.NS,AARTIIND.NS,ABB.NS,ABBOTINDIA.NS,ABFRL.NS,ABREL.NS,ACC.NS,ACE.NS,ADANIENT.NS,ADANIPORTS.NS"
2013-10-01,335,"3MINDIA.NS,AARTIIND.NS,ABB.NS,ABBOTINDIA.NS,ABFRL.NS,ABREL.NS,ACC.NS,ACE.NS,ADANIENT.NS,ADANIPORTS.NS"
2013-11-01,335,"3MINDIA.NS,AARTIIND.NS,ABB.NS,ABBOTINDIA.NS,ABFRL.NS,ABREL.NS,ACC.NS,ACE.NS,ADANIENT.NS,ADANIPORTS.NS"
2013-12-01,335,"3MINDIA.NS,AARTIIND.NS,ABB.NS,ABBOTINDIA.NS,ABFRL.NS,ABREL.NS,ACC.NS,ACE.NS,ADANIENT.NS,ADANIPORTS.NS"
2014-01-01,335,"3MINDIA.NS,AARTIIND.NS,ABB.NS,ABBOTINDIA.NS,ABFRL.NS,ABREL.NS,ACC.NS,ACE.NS,ADANIENT.NS,ADANIPORTS.NS"
2014-02-01,335,"3MINDIA.NS,AARTIIND.NS,ABB.NS,ABBOTINDIA.NS,ABFRL.NS,ABREL.NS,ACC.NS,ACE.NS,ADANIENT.NS,ADANIPORTS.NS"
2014-03-01,335,"3MINDIA.NS,AARTIIND.NS,ABB.NS,ABBOTINDIA.NS,ABFRL.NS,ABREL.NS,ACC.NS,ACE.NS,ADANIENT.NS,ADANIPORTS.NS"
2014-04-01,335,"3MINDIA.NS,AARTIIND.NS,ABB.NS,ABBOTINDIA.NS,ABFRL.NS,ABREL.NS,ACC.NS,ACE.NS,ADANIENT.NS,ADANIPORTS.NS"
2014-05-01,335,"3MINDIA.NS,AARTIIND.NS,ABB.NS,ABBOTINDIA.NS,ABFRL.NS,ABREL.NS,ACC.NS,ACE.NS,ADANIENT.NS,ADANIPORTS.NS"
2014-06-01,335,"3MINDIA.NS,AARTIIND.NS,ABB.NS,ABBOTINDIA.NS,ABFRL.NS,ABREL.NS,ACC.NS,ACE.NS,ADANIENT.NS,ADANIPORTS.NS"
2014-07-01,336,"3MINDIA.NS,AARTIIND.NS,ABB.NS,ABBOTINDIA.NS,ABFRL.NS,ABREL.NS,ACC.NS,ACE.NS,ADANIENT.NS,ADANIPORTS.NS"
2014-08-01,336,"3MINDIA.NS,AARTIIND.NS,ABB.NS,ABBOTINDIA.NS,ABFRL.NS,ABREL.NS,ACC.NS,ACE.NS,ADANIENT.NS,ADANIPORTS.NS"
2014-09-01,336,"3MINDIA.NS,AARTIIND.NS,ABB.NS,ABBOTINDIA.NS,ABFRL.NS,ABREL.NS,ACC.NS,ACE.NS,ADANIENT.NS,ADANIPORTS.NS"
2014-10-01,336,"3MINDIA.NS,AARTIIND.NS,ABB.NS,ABBOTINDIA.NS,ABFRL.NS,ABREL.NS,ACC.NS,ACE.NS,ADANIENT.NS,ADANIPORTS.NS"
2014-11-01,336,"3MINDIA.NS,AARTIIND.NS,ABB.NS,ABBOTINDIA.NS,ABFRL.NS,ABREL.NS,ACC.NS,ACE.NS,ADANIENT.NS,ADANIPORTS.NS"
2014-12-01,336,"3MINDIA.NS,AARTIIND.NS,ABB.NS,ABBOTINDIA.NS,ABFRL.NS,ABREL.NS,ACC.NS,ACE.NS,ADANIENT.NS,ADANIPORTS.NS"
2015-01-01,337,"3MINDIA.NS,AARTIIND.NS,ABB.NS,ABBOTINDIA.NS,ABFRL.NS,ABREL.NS,ACC.NS,ACE.NS,ADANIENT.NS,ADANIPORTS.NS"
2015-02-01,337,"3MINDIA.NS,AARTIIND.NS,ABB.NS,ABBOTINDIA.NS,ABFRL.NS,ABREL.NS,ACC.NS,ACE.NS,ADANIENT.NS,ADANIPORTS.NS"
2015-03-01,337,"3MINDIA.NS,AARTIIND.NS,ABB.NS,ABBOTINDIA.NS,ABFRL.NS,ABREL.NS,ACC.NS,ACE.NS,ADANIENT.NS,ADANIPORTS.NS"
2015-04-01,337,"3MINDIA.NS,AARTIIND.NS,ABB.NS,ABBOTINDIA.NS,ABFRL.NS,ABREL.NS,ACC.NS,ACE.NS,ADANIENT.NS,ADANIPORTS.NS"
2015-05-01,338,"3MINDIA.NS,AARTIIND.NS,ABB.NS,ABBOTINDIA.NS,ABFRL.NS,ABREL.NS,ACC.NS,ACE.NS,ADANIENT.NS,ADANIPORTS.NS"
2015-06-01,339,"3MINDIA.NS,AARTIIND.NS,ABB.NS,ABBOTINDIA.NS,ABFRL.NS,ABREL.NS,ACC.NS,ACE.NS,ADANIENT.NS,ADANIPORTS.NS"
2015-07-01,339,"3MINDIA.NS,AARTIIND.NS,ABB.NS,ABBOTINDIA.NS,ABFRL.NS,ABREL.NS,ACC.NS,ACE.NS,ADANIENT.NS,ADANIPORTS.NS"
2015-08-01,340,"3MINDIA.NS,AARTIIND.NS,ABB.NS,ABBOTINDIA.NS,ABFRL.NS,ABREL.NS,ACC.NS,ACE.NS,ADANIENSOL.NS,ADANIENT.NS"
2015-09-01,341,"3MINDIA.NS,AARTIIND.NS,ABB.NS,ABBOTINDIA.NS,ABFRL.NS,ABREL.NS,ACC.NS,ACE.NS,ADANIENSOL.NS,ADANIENT.NS"
2015-10-01,342,"3MINDIA.NS,AARTIIND.NS,ABB.NS,ABBOTINDIA.NS,ABFRL.NS,ABREL.NS,ACC.NS,ACE.NS,ADANIENSOL.NS,ADANIENT.NS"
2015-11-01,342,"3MINDIA.NS,AARTIIND.NS,ABB.NS,ABBOTINDIA.NS,ABFRL.NS,ABREL.NS,ACC.NS,ACE.NS,ADANIENSOL.NS,ADANIENT.NS"
2015-12-01,344,"3MINDIA.NS,AARTIIND.NS,ABB.NS,ABBOTINDIA.NS,ABFRL.NS,ABREL.NS,ACC.NS,ACE.NS,ADANIENSOL.NS,ADANIENT.NS"
2016-01-01,346,"3MINDIA.NS,AARTIIND.NS,ABB.NS,ABBOTINDIA.NS,ABFRL.NS,ABREL.NS,ACC.NS,ACE.NS,ADANIENSOL.NS,ADANIENT.NS"
2016-02-01,347,"3MINDIA.NS,AARTIIND.NS,ABB.NS,ABBOTINDIA.NS,ABFRL.NS,ABREL.NS,ACC.NS,ACE.NS,ADANIENSOL.NS,ADANIENT.NS"
2016-03-01,347,"3MINDIA.NS,AARTIIND.NS,ABB.NS,ABBOTINDIA.NS,ABFRL.NS,ABREL.NS,ACC.NS,ACE.NS,ADANIENSOL.NS,ADANIENT.NS"
2016-04-01,347,"3MINDIA.NS,AARTIIND.NS,ABB.NS,ABBOTINDIA.NS,ABFRL.NS,ABREL.NS,ACC.NS,ACE.NS,ADANIENSOL.NS,ADANIENT.NS"
2016-05-01,347,"3MINDIA.NS,AARTIIND.NS,ABB.NS,ABBOTINDIA.NS,ABFRL.NS,ABREL.NS,ACC.NS,ACE.NS,ADANIENSOL.NS,ADANIENT.NS"
2016-06-01,348,"3MINDIA.NS,AARTIIND.NS,ABB.NS,ABBOTINDIA.NS,ABFRL.NS,ABREL.NS,ACC.NS,ACE.NS,ADANIENSOL.NS,ADANIENT.NS"
2016-07-01,350,"3MINDIA.NS,AARTIIND.NS,ABB.NS,ABBOTINDIA.NS,ABFRL.NS,ABREL.NS,ACC.NS,ACE.NS,ADANIENSOL.NS,ADANIENT.NS"
2016-08-01,351,"3MINDIA.NS,AARTIIND.NS,ABB.NS,ABBOTINDIA.NS,ABFRL.NS,ABREL.NS,ACC.NS,ACE.NS,ADANIENSOL.NS,ADANIENT.NS"
2016-09-01,352,"3MINDIA.NS,AARTIIND.NS,ABB.NS,ABBOTINDIA.NS,ABFRL.NS,ABREL.NS,ACC.NS,ACE.NS,ADANIENSOL.NS,ADANIENT.NS"
2016-10-01,354,"3MINDIA.NS,AARTIIND.NS,ABB.NS,ABBOTINDIA.NS,ABFRL.NS,ABREL.NS,ACC.NS,ACE.NS,ADANIENSOL.NS,ADANIENT.NS"
2016-11-01,355,"3MINDIA.NS,AARTIIND.NS,ABB.NS,ABBOTINDIA.NS,ABFRL.NS,ABREL.NS,ACC.NS,ACE.NS,ADANIENSOL.NS,ADANIENT.NS"
2016-12-01,357,"3MINDIA.NS,AARTIIND.NS,ABB.NS,ABBOTINDIA.NS,ABFRL.NS,ABREL.NS,ACC.NS,ACE.NS,ADANIENSOL.NS,ADANIENT.NS"
2017-01-01,358,"3MINDIA.NS,AARTIIND.NS,ABB.NS,ABBOTINDIA.NS,ABFRL.NS,ABREL.NS,ACC.NS,ACE.NS,ADANIENSOL.NS,ADANIENT.NS"
2017-02-01,358,"3MINDIA.NS,AARTIIND.NS,ABB.NS,ABBOTINDIA.NS,ABFRL.NS,ABREL.NS,ACC.NS,ACE.NS,ADANIENSOL.NS,ADANIENT.NS"
2017-03-01,359,"3MINDIA.NS,AARTIIND.NS,ABB.NS,ABBOTINDIA.NS,ABFRL.NS,ABREL.NS,ACC.NS,ACE.NS,ADANIENSOL.NS,ADANIENT.NS"
2017-04-01,360,"3MINDIA.NS,AARTIIND.NS,ABB.NS,ABBOTINDIA.NS,ABFRL.NS,ABREL.NS,ACC.NS,ACE.NS,ADANIENSOL.NS,ADANIENT.NS"
2017-05-01,360,"3MINDIA.NS,AARTIIND.NS,ABB.NS,ABBOTINDIA.NS,ABFRL.NS,ABREL.NS,ACC.NS,ACE.NS,ADANIENSOL.NS,ADANIENT.NS"
2017-06-01,361,"3MINDIA.NS,AARTIIND.NS,ABB.NS,ABBOTINDIA.NS,ABFRL.NS,ABREL.NS,ACC.NS,ACE.NS,ADANIENSOL.NS,ADANIENT.NS"
2017-07-01,364,"3MINDIA.NS,AARTIIND.NS,ABB.NS,ABBOTINDIA.NS,ABFRL.NS,ABREL.NS,ACC.NS,ACE.NS,ADANIENSOL.NS,ADANIENT.NS"
2017-08-01,365,"3MINDIA.NS,AARTIIND.NS,ABB.NS,ABBOTINDIA.NS,ABFRL.NS,ABREL.NS,ACC.NS,ACE.NS,ADANIENSOL.NS,ADANIENT.NS"
2017-09-01,367,"3MINDIA.NS,AARTIIND.NS,ABB.NS,ABBOTINDIA.NS,ABCAPITAL.NS,ABFRL.NS,ABREL.NS,ACC.NS,ACE.NS,ADANIENSOL.NS"
2017-10-01,369,"3MINDIA.NS,AARTIIND.NS,ABB.NS,ABBOTINDIA.NS,ABCAPITAL.NS,ABFRL.NS,ABREL.NS,ACC.NS,ACE.NS,ADANIENSOL.NS"
2017-11-01,372,"3MINDIA.NS,AARTIIND.NS,ABB.NS,ABBOTINDIA.NS,ABCAPITAL.NS,ABFRL.NS,ABREL.NS,ACC.NS,ACE.NS,ADANIENSOL.NS"
2017-12-01,376,"3MINDIA.NS,AARTIIND.NS,ABB.NS,ABBOTINDIA.NS,ABCAPITAL.NS,ABFRL.NS,ABREL.NS,ACC.NS,ACE.NS,ADANIENSOL.NS"
2018-01-01,376,"3MINDIA.NS,AARTIIND.NS,ABB.NS,ABBOTINDIA.NS,ABCAPITAL.NS,ABFRL.NS,ABREL.NS,ACC.NS,ACE.NS,ADANIENSOL.NS"
2018-02-01,377,"3MINDIA.NS,AARTIIND.NS,ABB.NS,ABBOTINDIA.NS,ABCAPITAL.NS,ABFRL.NS,ABREL.NS,ACC.NS,ACE.NS,ADANIENSOL.NS"
2018-03-01,378,"3MINDIA.NS,AARTIIND.NS,ABB.NS,ABBOTINDIA.NS,ABCAPITAL.NS,ABFRL.NS,ABREL.NS,ACC.NS,ACE.NS,ADANIENSOL.NS"
2018-04-01,381,"3MINDIA.NS,AARTIIND.NS,ABB.NS,ABBOTINDIA.NS,ABCAPITAL.NS,ABFRL.NS,ABREL.NS,ACC.NS,ACE.NS,ADANIENSOL.NS"
2018-05-01,383,"3MINDIA.NS,AARTIIND.NS,ABB.NS,ABBOTINDIA.NS,ABCAPITAL.NS,ABFRL.NS,ABREL.NS,ACC.NS,ACE.NS,ADANIENSOL.NS"
2018-06-01,384,"3MINDIA.NS,AARTIIND.NS,ABB.NS,ABBOTINDIA.NS,ABCAPITAL.NS,ABFRL.NS,ABREL.NS,ACC.NS,ACE.NS,ADANIENSOL.NS"
2018-07-01,385,"3MINDIA.NS,AARTIIND.NS,ABB.NS,ABBOTINDIA.NS,ABCAPITAL.NS,ABFRL.NS,ABREL.NS,ACC.NS,ACE.NS,ADANIENSOL.NS"
2018-08-01,388,"3MINDIA.NS,AARTIIND.NS,ABB.NS,ABBOTINDIA.NS,ABCAPITAL.NS,ABFRL.NS,ABREL.NS,ACC.NS,ACE.NS,ADANIENSOL.NS"
2018-09-01,390,"3MINDIA.NS,AARTIIND.NS,ABB.NS,ABBOTINDIA.NS,ABCAPITAL.NS,ABFRL.NS,ABREL.NS,ACC.NS,ACE.NS,ADANIENSOL.NS"
2018-10-01,391,"3MINDIA.NS,AARTIIND.NS,ABB.NS,ABBOTINDIA.NS,ABCAPITAL.NS,ABFRL.NS,ABREL.NS,ACC.NS,ACE.NS,ADANIENSOL.NS"
2018-11-01,393,"3MINDIA.NS,AARTIIND.NS,AAVAS.NS,ABB.NS,ABBOTINDIA.NS,ABCAPITAL.NS,ABFRL.NS,ABREL.NS,ACC.NS,ACE.NS"
2018-12-01,394,"3MINDIA.NS,AARTIIND.NS,AAVAS.NS,ABB.NS,ABBOTINDIA.NS,ABCAPITAL.NS,ABFRL.NS,ABREL.NS,ACC.NS,ACE.NS"
2019-01-01,395,"3MINDIA.NS,AARTIIND.NS,AAVAS.NS,ABB.NS,ABBOTINDIA.NS,ABCAPITAL.NS,ABFRL.NS,ABREL.NS,ACC.NS,ACE.NS"
2019-02-01,395,"3MINDIA.NS,AARTIIND.NS,AAVAS.NS,ABB.NS,ABBOTINDIA.NS,ABCAPITAL.NS,ABFRL.NS,ABREL.NS,ACC.NS,ACE.NS"
2019-03-01,396,"3MINDIA.NS,AARTIIND.NS,AAVAS.NS,ABB.NS,ABBOTINDIA.NS,ABCAPITAL.NS,ABFRL.NS,ABREL.NS,ACC.NS,ACE.NS"
2019-04-01,396,"3MINDIA.NS,AARTIIND.NS,AAVAS.NS,ABB.NS,ABBOTINDIA.NS,ABCAPITAL.NS,ABFRL.NS,ABREL.NS,ACC.NS,ACE.NS"
2019-05-01,400,"3MINDIA.NS,AARTIIND.NS,AAVAS.NS,ABB.NS,ABBOTINDIA.NS,ABCAPITAL.NS,ABFRL.NS,ABREL.NS,ACC.NS,ACE.NS"
2019-06-01,400,"3MINDIA.NS,AARTIIND.NS,AAVAS.NS,ABB.NS,ABBOTINDIA.NS,ABCAPITAL.NS,ABFRL.NS,ABREL.NS,ACC.NS,ACE.NS"
2019-07-01,400,"3MINDIA.NS,AARTIIND.NS,AAVAS.NS,ABB.NS,ABBOTINDIA.NS,ABCAPITAL.NS,ABFRL.NS,ABREL.NS,ACC.NS,ACE.NS"
2019-08-01,401,"3MINDIA.NS,AARTIIND.NS,AAVAS.NS,ABB.NS,ABBOTINDIA.NS,ABCAPITAL.NS,ABFRL.NS,ABREL.NS,ACC.NS,ACE.NS"
2019-09-01,404,"3MINDIA.NS,AARTIIND.NS,AAVAS.NS,ABB.NS,ABBOTINDIA.NS,ABCAPITAL.NS,ABFRL.NS,ABREL.NS,ACC.NS,ACE.NS"
2019-10-01,406,"360ONE.NS,3MINDIA.NS,AARTIIND.NS,AAVAS.NS,ABB.NS,ABBOTINDIA.NS,ABCAPITAL.NS,ABFRL.NS,ABREL.NS,ACC.NS"
2019-11-01,408,"360ONE.NS,3MINDIA.NS,AARTIIND.NS,AAVAS.NS,ABB.NS,ABBOTINDIA.NS,ABCAPITAL.NS,ABFRL.NS,ABREL.NS,ACC.NS"
2019-12-01,408,"360ONE.NS,3MINDIA.NS,AARTIIND.NS,AAVAS.NS,ABB.NS,ABBOTINDIA.NS,ABCAPITAL.NS,ABFRL.NS,ABREL.NS,ACC.NS"
2020-01-01,411,"360ONE.NS,3MINDIA.NS,AARTIIND.NS,AAVAS.NS,ABB.NS,ABBOTINDIA.NS,ABCAPITAL.NS,ABFRL.NS,ABREL.NS,ACC.NS"
2020-02-01,412,"360ONE.NS,3MINDIA.NS,AARTIIND.NS,AAVAS.NS,ABB.NS,ABBOTINDIA.NS,ABCAPITAL.NS,ABFRL.NS,ABREL.NS,ACC.NS"
2020-03-01,412,"360ONE.NS,3MINDIA.NS,AARTIIND.NS,AAVAS.NS,ABB.NS,ABBOTINDIA.NS,ABCAPITAL.NS,ABFRL.NS,ABREL.NS,ACC.NS"
2020-04-01,414,"360ONE.NS,3MINDIA.NS,AARTIIND.NS,AAVAS.NS,ABB.NS,ABBOTINDIA.NS,ABCAPITAL.NS,ABFRL.NS,ABREL.NS,ACC.NS"
2020-05-01,414,"360ONE.NS,3MINDIA.NS,AARTIIND.NS,AAVAS.NS,ABB.NS,ABBOTINDIA.NS,ABCAPITAL.NS,ABFRL.NS,ABREL.NS,ACC.NS"
2020-06-01,414,"360ONE.NS,3MINDIA.NS,AARTIIND.NS,AAVAS.NS,ABB.NS,ABBOTINDIA.NS,ABCAPITAL.NS,ABFRL.NS,ABREL.NS,ACC.NS"
2020-07-01,414,"360ONE.NS,3MINDIA.NS,AARTIIND.NS,AAVAS.NS,ABB.NS,ABBOTINDIA.NS,ABCAPITAL.NS,ABFRL.NS,ABREL.NS,ACC.NS"
2020-08-01,414,"360ONE.NS,3MINDIA.NS,AARTIIND.NS,AAVAS.NS,ABB.NS,ABBOTINDIA.NS,ABCAPITAL.NS,ABFRL.NS,ABREL.NS,ACC.NS"
2020-09-01,415,"360ONE.NS,3MINDIA.NS,AARTIIND.NS,AAVAS.NS,ABB.NS,ABBOTINDIA.NS,ABCAPITAL.NS,ABFRL.NS,ABREL.NS,ACC.NS"
2020-10-01,417,"360ONE.NS,3MINDIA.NS,AARTIIND.NS,AAVAS.NS,ABB.NS,ABBOTINDIA.NS,ABCAPITAL.NS,ABFRL.NS,ABREL.NS,ACC.NS"
2020-11-01,421,"360ONE.NS,3MINDIA.NS,AARTIIND.NS,AAVAS.NS,ABB.NS,ABBOTINDIA.NS,ABCAPITAL.NS,ABFRL.NS,ABREL.NS,ACC.NS"
2020-12-01,423,"360ONE.NS,3MINDIA.NS,AARTIIND.NS,AAVAS.NS,ABB.NS,ABBOTINDIA.NS,ABCAPITAL.NS,ABFRL.NS,ABREL.NS,ACC.NS"
2021-01-01,424,"360ONE.NS,3MINDIA.NS,AARTIIND.NS,AAVAS.NS,ABB.NS,ABBOTINDIA.NS,ABCAPITAL.NS,ABFRL.NS,ABREL.NS,ACC.NS"
2021-02-01,425,"360ONE.NS,3MINDIA.NS,AARTIIND.NS,AAVAS.NS,ABB.NS,ABBOTINDIA.NS,ABCAPITAL.NS,ABFRL.NS,ABREL.NS,ACC.NS"
2021-03-01,428,"360ONE.NS,3MINDIA.NS,AARTIIND.NS,AAVAS.NS,ABB.NS,ABBOTINDIA.NS,ABCAPITAL.NS,ABFRL.NS,ABREL.NS,ACC.NS"
2021-04-01,435,"360ONE.NS,3MINDIA.NS,AARTIIND.NS,AAVAS.NS,ABB.NS,ABBOTINDIA.NS,ABCAPITAL.NS,ABFRL.NS,ABREL.NS,ACC.NS"
2021-05-01,436,"360ONE.NS,3MINDIA.NS,AARTIIND.NS,AAVAS.NS,ABB.NS,ABBOTINDIA.NS,ABCAPITAL.NS,ABFRL.NS,ABREL.NS,ACC.NS"
2021-06-01,436,"360ONE.NS,3MINDIA.NS,AARTIIND.NS,AAVAS.NS,ABB.NS,ABBOTINDIA.NS,ABCAPITAL.NS,ABFRL.NS,ABREL.NS,ACC.NS"
2021-07-01,439,"360ONE.NS,3MINDIA.NS,AARTIIND.NS,AAVAS.NS,ABB.NS,ABBOTINDIA.NS,ABCAPITAL.NS,ABFRL.NS,ABREL.NS,ACC.NS"
2021-08-01,441,"360ONE.NS,3MINDIA.NS,AARTIIND.NS,AAVAS.NS,ABB.NS,ABBOTINDIA.NS,ABCAPITAL.NS,ABFRL.NS,ABREL.NS,ACC.NS"
2021-09-01,446,"360ONE.NS,3MINDIA.NS,AARTIIND.NS,AAVAS.NS,ABB.NS,ABBOTINDIA.NS,ABCAPITAL.NS,ABFRL.NS,ABREL.NS,ACC.NS"
2021-10-01,447,"360ONE.NS,3MINDIA.NS,AARTIIND.NS,AAVAS.NS,ABB.NS,ABBOTINDIA.NS,ABCAPITAL.NS,ABFRL.NS,ABREL.NS,ACC.NS"
2021-11-01,447,"360ONE.NS,3MINDIA.NS,AARTIIND.NS,AAVAS.NS,ABB.NS,ABBOTINDIA.NS,ABCAPITAL.NS,ABFRL.NS,ABREL.NS,ACC.NS"
2021-12-01,452,"360ONE.NS,3MINDIA.NS,AARTIIND.NS,AAVAS.NS,ABB.NS,ABBOTINDIA.NS,ABCAPITAL.NS,ABFRL.NS,ABREL.NS,ACC.NS"
2022-01-01,458,"360ONE.NS,3MINDIA.NS,AARTIIND.NS,AAVAS.NS,ABB.NS,ABBOTINDIA.NS,ABCAPITAL.NS,ABFRL.NS,ABREL.NS,ACC.NS"
2022-02-01,458,"360ONE.NS,3MINDIA.NS,AARTIIND.NS,AAVAS.NS,ABB.NS,ABBOTINDIA.NS,ABCAPITAL.NS,ABFRL.NS,ABREL.NS,ACC.NS"
2022-03-01,460,"360ONE.NS,3MINDIA.NS,AARTIIND.NS,AAVAS.NS,ABB.NS,ABBOTINDIA.NS,ABCAPITAL.NS,ABFRL.NS,ABREL.NS,ACC.NS"
2022-04-01,461,"360ONE.NS,3MINDIA.NS,AARTIIND.NS,AAVAS.NS,ABB.NS,ABBOTINDIA.NS,ABCAPITAL.NS,ABFRL.NS,ABREL.NS,ACC.NS"
2022-05-01,461,"360ONE.NS,3MINDIA.NS,AARTIIND.NS,AAVAS.NS,ABB.NS,ABBOTINDIA.NS,ABCAPITAL.NS,ABFRL.NS,ABREL.NS,ACC.NS"
2022-06-01,465,"360ONE.NS,3MINDIA.NS,AARTIIND.NS,AAVAS.NS,ABB.NS,ABBOTINDIA.NS,ABCAPITAL.NS,ABFRL.NS,ABREL.NS,ACC.NS"
2022-07-01,466,"360ONE.NS,3MINDIA.NS,AARTIIND.NS,AAVAS.NS,ABB.NS,ABBOTINDIA.NS,ABCAPITAL.NS,ABFRL.NS,ABREL.NS,ACC.NS"
2022-08-01,466,"360ONE.NS,3MINDIA.NS,AARTIIND.NS,AAVAS.NS,ABB.NS,ABBOTINDIA.NS,ABCAPITAL.NS,ABFRL.NS,ABREL.NS,ACC.NS"
2022-09-01,467,"360ONE.NS,3MINDIA.NS,AARTIIND.NS,AAVAS.NS,ABB.NS,ABBOTINDIA.NS,ABCAPITAL.NS,ABFRL.NS,ABREL.NS,ACC.NS"
2022-10-01,468,"360ONE.NS,3MINDIA.NS,AARTIIND.NS,AAVAS.NS,ABB.NS,ABBOTINDIA.NS,ABCAPITAL.NS,ABFRL.NS,ABREL.NS,ACC.NS"
2022-11-01,469,"360ONE.NS,3MINDIA.NS,AARTIIND.NS,AAVAS.NS,ABB.NS,ABBOTINDIA.NS,ABCAPITAL.NS,ABFRL.NS,ABREL.NS,ACC.NS"
2022-12-01,474,"360ONE.NS,3MINDIA.NS,AARTIIND.NS,AAVAS.NS,ABB.NS,ABBOTINDIA.NS,ABCAPITAL.NS,ABFRL.NS,ABREL.NS,ACC.NS"
2023-01-01,475,"360ONE.NS,3MINDIA.NS,AARTIIND.NS,AAVAS.NS,ABB.NS,ABBOTINDIA.NS,ABCAPITAL.NS,ABFRL.NS,ABREL.NS,ACC.NS"
2023-02-01,475,"360ONE.NS,3MINDIA.NS,AARTIIND.NS,AAVAS.NS,ABB.NS,ABBOTINDIA.NS,ABCAPITAL.NS,ABFRL.NS,ABREL.NS,ACC.NS"
2023-03-01,476,"360ONE.NS,3MINDIA.NS,AARTIIND.NS,AAVAS.NS,ABB.NS,ABBOTINDIA.NS,ABCAPITAL.NS,ABFRL.NS,ABREL.NS,ACC.NS"
2023-04-01,476,"360ONE.NS,3MINDIA.NS,AARTIIND.NS,AAVAS.NS,ABB.NS,ABBOTINDIA.NS,ABCAPITAL.NS,ABFRL.NS,ABREL.NS,ACC.NS"
2023-05-01,476,"360ONE.NS,3MINDIA.NS,AARTIIND.NS,AAVAS.NS,ABB.NS,ABBOTINDIA.NS,ABCAPITAL.NS,ABFRL.NS,ABREL.NS,ACC.NS"
2023-06-01,477,"360ONE.NS,3MINDIA.NS,AARTIIND.NS,AAVAS.NS,ABB.NS,ABBOTINDIA.NS,ABCAPITAL.NS,ABFRL.NS,ABREL.NS,ACC.NS"
2023-07-01,477,"360ONE.NS,3MINDIA.NS,AARTIIND.NS,AAVAS.NS,ABB.NS,ABBOTINDIA.NS,ABCAPITAL.NS,ABFRL.NS,ABREL.NS,ACC.NS"
2023-08-01,478,"360ONE.NS,3MINDIA.NS,AARTIIND.NS,AAVAS.NS,ABB.NS,ABBOTINDIA.NS,ABCAPITAL.NS,ABFRL.NS,ABREL.NS,ACC.NS"
2023-09-01,482,"360ONE.NS,3MINDIA.NS,AARTIIND.NS,AAVAS.NS,ABB.NS,ABBOTINDIA.NS,ABCAPITAL.NS,ABFRL.NS,ABREL.NS,ACC.NS"
2023-10-01,485,"360ONE.NS,3MINDIA.NS,AARTIIND.NS,AAVAS.NS,ABB.NS,ABBOTINDIA.NS,ABCAPITAL.NS,ABFRL.NS,ABREL.NS,ACC.NS"
2023-11-01,486,"360ONE.NS,3MINDIA.NS,AARTIIND.NS,AAVAS.NS,ABB.NS,ABBOTINDIA.NS,ABCAPITAL.NS,ABFRL.NS,ABREL.NS,ACC.NS"
2023-12-01,489,"360ONE.NS,3MINDIA.NS,AARTIIND.NS,AAVAS.NS,ABB.NS,ABBOTINDIA.NS,ABCAPITAL.NS,ABFRL.NS,ABREL.NS,ACC.NS"
2024-01-01,491,"360ONE.NS,3MINDIA.NS,AARTIIND.NS,AAVAS.NS,ABB.NS,ABBOTINDIA.NS,ABCAPITAL.NS,ABFRL.NS,ABREL.NS,ACC.NS"
2024-02-01,491,"360ONE.NS,3MINDIA.NS,AARTIIND.NS,AAVAS.NS,ABB.NS,ABBOTINDIA.NS,ABCAPITAL.NS,ABFRL.NS,ABREL.NS,ACC.NS"
2024-03-01,491,"360ONE.NS,3MINDIA.NS,AARTIIND.NS,AAVAS.NS,ABB.NS,ABBOTINDIA.NS,ABCAPITAL.NS,ABFRL.NS,ABREL.NS,ACC.NS"
2024-04-01,491,"360ONE.NS,3MINDIA.NS,AARTIIND.NS,AAVAS.NS,ABB.NS,ABBOTINDIA.NS,ABCAPITAL.NS,ABFRL.NS,ABREL.NS,ACC.NS"
2024-05-01,491,"360ONE.NS,3MINDIA.NS,AARTIIND.NS,AAVAS.NS,ABB.NS,ABBOTINDIA.NS,ABCAPITAL.NS,ABFRL.NS,ABREL.NS,ACC.NS"
2024-06-01,492,"360ONE.NS,3MINDIA.NS,AARTIIND.NS,AAVAS.NS,ABB.NS,ABBOTINDIA.NS,ABCAPITAL.NS,ABFRL.NS,ABREL.NS,ACC.NS"
2024-07-01,492,"360ONE.NS,3MINDIA.NS,AARTIIND.NS,AAVAS.NS,ABB.NS,ABBOTINDIA.NS,ABCAPITAL.NS,ABFRL.NS,ABREL.NS,ACC.NS"
2024-08-01,492,"360ONE.NS,3MINDIA.NS,AARTIIND.NS,AAVAS.NS,ABB.NS,ABBOTINDIA.NS,ABCAPITAL.NS,ABFRL.NS,ABREL.NS,ACC.NS"
2024-09-01,492,"360ONE.NS,3MINDIA.NS,AARTIIND.NS,AAVAS.NS,ABB.NS,ABBOTINDIA.NS,ABCAPITAL.NS,ABFRL.NS,ABREL.NS,ACC.NS"
2024-10-01,492,"360ONE.NS,3MINDIA.NS,AARTIIND.NS,AAVAS.NS,ABB.NS,ABBOTINDIA.NS,ABCAPITAL.NS,ABFRL.NS,ABREL.NS,ACC.NS"
2024-11-01,492,"360ONE.NS,3MINDIA.NS,AARTIIND.NS,AAVAS.NS,ABB.NS,ABBOTINDIA.NS,ABCAPITAL.NS,ABFRL.NS,ABREL.NS,ACC.NS"
2024-12-01,492,"360ONE.NS,3MINDIA.NS,AARTIIND.NS,AAVAS.NS,ABB.NS,ABBOTINDIA.NS,ABCAPITAL.NS,ABFRL.NS,ABREL.NS,ACC.NS"
2025-01-01,492,"360ONE.NS,3MINDIA.NS,AARTIIND.NS,AAVAS.NS,ABB.NS,ABBOTINDIA.NS,ABCAPITAL.NS,ABFRL.NS,ABREL.NS,ACC.NS"
2025-02-01,492,"360ONE.NS,3MINDIA.NS,AARTIIND.NS,AAVAS.NS,ABB.NS,ABBOTINDIA.NS,ABCAPITAL.NS,ABFRL.NS,ABREL.NS,ACC.NS"
2025-03-01,492,"360ONE.NS,3MINDIA.NS,AARTIIND.NS,AAVAS.NS,ABB.NS,ABBOTINDIA.NS,ABCAPITAL.NS,ABFRL.NS,ABREL.NS,ACC.NS"
2025-04-01,492,"360ONE.NS,3MINDIA.NS,AARTIIND.NS,AAVAS.NS,ABB.NS,ABBOTINDIA.NS,ABCAPITAL.NS,ABFRL.NS,ABREL.NS,ACC.NS"
2025-05-01,492,"360ONE.NS,3MINDIA.NS,AARTIIND.NS,AAVAS.NS,ABB.NS,ABBOTINDIA.NS,ABCAPITAL.NS,ABFRL.NS,ABREL.NS,ACC.NS"
2025-06-01,492,"360ONE.NS,3MINDIA.NS,AARTIIND.NS,AAVAS.NS,ABB.NS,ABBOTINDIA.NS,ABCAPITAL.NS,ABFRL.NS,ABREL.NS,ACC.NS"
2025-07-01,492,"360ONE.NS,3MINDIA.NS,AARTIIND.NS,AAVAS.NS,ABB.NS,ABBOTINDIA.NS,ABCAPITAL.NS,ABFRL.NS,ABREL.NS,ACC.NS"
2025-08-01,492,"360ONE.NS,3MINDIA.NS,AARTIIND.NS,AAVAS.NS,ABB.NS,ABBOTINDIA.NS,ABCAPITAL.NS,ABFRL.NS,ABREL.NS,ACC.NS"
2025-09-01,492,"360ONE.NS,3MINDIA.NS,AARTIIND.NS,AAVAS.NS,ABB.NS,ABBOTINDIA.NS,ABCAPITAL.NS,ABFRL.NS,ABREL.NS,ACC.NS"
2025-10-01,492,"360ONE.NS,3MINDIA.NS,AARTIIND.NS,AAVAS.NS,ABB.NS,ABBOTINDIA.NS,ABCAPITAL.NS,ABFRL.NS,ABREL.NS,ACC.NS"
2025-11-01,492,"360ONE.NS,3MINDIA.NS,AARTIIND.NS,AAVAS.NS,ABB.NS,ABBOTINDIA.NS,ABCAPITAL.NS,ABFRL.NS,ABREL.NS,ACC.NS"
2025-12-01,492,"360ONE.NS,3MINDIA.NS,AARTIIND.NS,AAVAS.NS,ABB.NS,ABBOTINDIA.NS,ABCAPITAL.NS,ABFRL.NS,ABREL.NS,ACC.NS"
