date,monthly_return
2019-01-31,
2019-02-28,0.1504302263999997
2019-03-31,0.15900326243375207
2019-04-30,0.20811006587364722
2019-05-31,0.15528928886688376
2019-06-30,0.10202441694286324
2019-07-31,0.12189112978048011
2019-08-31,0.11343564133284789
2019-09-30,0.09678699612402375
2019-10-31,0.07899547216326441
2019-11-30,0.07774925590118631
2019-12-31,0.08787728023527763
2020-01-31,0.08239797728546394
2020-02-29,0.034684022199102715
2020-03-31,0.049592945644499675
2020-04-30,0.06330055083907538
2020-05-31,0.07819250930063637
2020-06-30,0.07839564534629906
2020-07-31,0.05925357260722941
2020-08-31,0.05539983815423133
2020-09-30,0.052007713937441524
2020-10-31,0.028452264101949343
2020-11-30,0.061995157666985046
2020-12-31,-0.025585163130400823
2021-01-31,0.07610391463346966
2021-02-28,0.02623170413301823
2021-03-31,0.04697682328676667
2021-04-30,0.04150435052067625
2021-05-31,0.036915108194635726
2021-06-30,0.022236089159686
2021-07-31,0.02149357034356858
2021-08-31,0.04179712078147779
2021-09-30,0.06019928671214214
2021-10-31,0.04102280163905192
2021-11-30,0.01527314474811603
2021-12-31,0.054415300583572135
2022-01-31,0.007346162553990343
2022-02-28,0.04030987801761787
2022-03-31,0.029985641304334232
2022-04-30,0.04495982884695948
2022-05-31,-0.0015546931306565925
2022-06-30,0.04215685212212583
2022-07-31,0.038343126764987856
2022-08-31,0.02048856978586855
2022-09-30,0.0023393053680007547
2022-10-31,0.04539715891280882
2022-11-30,0.0514096608826502
2022-12-31,0.03496735471973844
2023-01-31,0.05815572068893449
2023-02-28,0.041573816663190044
2023-03-31,0.031799557575798776
2023-04-30,0.04436320519174353
2023-05-31,0.04624449203876857
2023-06-30,0.03613321658406332
2023-07-31,0.02962331166295895
2023-08-31,0.028562384528911577
2023-09-30,0.022264407747499826
2023-10-31,0.035330782456827636
2023-11-30,0.029957653832984876
2023-12-31,0.032380643993227265
2024-01-31,0.020147852671448918
2024-02-29,0.016850813425193234
2024-03-31,0.03781330744784661
2024-04-30,0.011809635623614367
2024-05-31,0.040757335807355854
2024-06-30,-0.02387199336368373
2024-07-31,0.03504457461559052
2024-08-31,0.022818659897140492
2024-09-30,0.043070708534164615
2024-10-31,0.011964904891224037
2024-11-30,0.03537026558701539
2024-12-31,-0.005194998639765358
2025-01-31,0.026734118342154778
2025-02-28,0.01709154916500588
2025-03-31,0.022048977023681582
2025-04-30,0.017566207083242524
2025-05-31,-0.00049940112904312
2025-06-30,0.012785525688224109
2025-07-31,0.05268706753492558
2025-08-31,0.014364335649568627
2025-09-30,-0.010280700505462814
2025-10-31,0.03157919070717585
2025-11-30,0.02056689299491321
2025-12-31,0.029595020182357157
