symbol,sector,shares,price,market_value,weight,date
DELTA.NS,Financials,54,198.79,10734.66,0.0897977096126417,2019-02-01
ETA.NS,Healthcare,47,222.9,10476.300000000001,0.08763647336896728,2019-02-01
IOTA.NS,Consumer,32,326.57,10450.24,0.08741847593704997,2019-02-01
MU.NS,Energy,35,310.55,10869.25,0.09092358353289307,2019-02-01
NU.NS,Materials,43,255.5,10986.5,0.09190440467227542,2019-02-01
OMICRON.NS,Utilities,26,407.62,10598.12,0.0886555235284518,2019-02-01
RHO.NS,Realty,41,258.69,10606.289999999999,0.08872386731274819,2019-02-01
SIGMA.NS,Telecom,26,404.17,10508.42,0.08790516398727825,2019-02-01
THETA.NS,Healthcare,56,196.2,10987.199999999999,0.09191026032086874,2019-02-01
XI.NS,Materials,38,277.24,10535.12,0.08812851515505232,2019-02-01
ZETA.NS,Industrials,48,231.05,11090.400000000001,0.09277355022777076,2019-02-01
DELTA.NS,Financials,64,174.59,11173.76,0.08274571888092741,2019-03-01
ETA.NS,Healthcare,50,222.25,11112.5,0.08229206650798888,2019-03-01
IOTA.NS,Consumer,34,319.54,10864.36,0.08045450039925617,2019-03-01
LAMBDA.NS,Energy,49,223.97,10974.53,0.08127034894523458,2019-03-01
MU.NS,Energy,37,298.5,11044.5,0.08178850200652267,2019-03-01
NU.NS,Materials,42,263.83,11080.859999999999,0.08205776090760077,2019-03-01
OMICRON.NS,Utilities,30,374.87,11246.1,0.08328142264616367,2019-03-01
RHO.NS,Realty,48,227.54,10921.92,0.08088075293902668,2019-03-01
SIGMA.NS,Telecom,28,393.24,11010.720000000001,0.08153834893505903,2019-03-01
THETA.NS,Healthcare,59,191.25,11283.75,0.08356023446204901,2019-03-01
XI.NS,Materials,38,296.62,11271.56,0.08346996311980086,2019-03-01
ZETA.NS,Industrials,52,214.44,11150.88,0.08257628423690465,2019-03-01
EPSILON.NS,Industrials,74,204.29,15117.46,0.09863909089342225,2019-04-01
ETA.NS,Healthcare,66,234.93,15505.380000000001,0.10117020896083415,2019-04-01
IOTA.NS,Consumer,49,307.89,15086.609999999999,0.0984377994096636,2019-04-01
LAMBDA.NS,Energy,69,216.33,14926.77,0.09739486810451019,2019-04-01
MU.NS,Energy,48,320.18,15368.64,0.10027800158679336,2019-04-01
NU.NS,Materials,57,264.53,15078.21,0.09838299070744082,2019-04-01
OMICRON.NS,Utilities,39,377.04,14704.560000000001,0.09594498218535266,2019-04-01
SIGMA.NS,Telecom,41,380.74,15610.34,0.10185505674479875,2019-04-01
THETA.NS,Healthcare,82,183.09,15013.380000000001,0.09795998497350004,2019-04-01
ZETA.NS,Industrials,66,231.63,15287.58,0.09974909761034355,2019-04-01
DELTA.NS,Financials,85,194.0,16490.0,0.09111236791122179,2019-05-01
EPSILON.NS,Industrials,70,232.99,16309.300000000001,0.09011394432834989,2019-05-01
ETA.NS,Healthcare,64,254.12,16263.68,0.0898618796695197,2019-05-01
IOTA.NS,Consumer,54,301.98,16306.920000000002,0.0901007940896823,2019-05-01
LAMBDA.NS,Energy,70,233.96,16377.2,0.09048911290210199,2019-05-01
MU.NS,Energy,46,350.66,16130.36,0.08912524529171957,2019-05-01
NU.NS,Materials,65,245.83,15978.95,0.08828865804942496,2019-05-01
RHO.NS,Realty,70,231.8,16226.0,0.08965368597498392,2019-05-01
SIGMA.NS,Telecom,39,419.88,16375.32,0.09047872531861664,2019-05-01
THETA.NS,Healthcare,81,204.08,16530.48,0.09133603247477827,2019-05-01
ZETA.NS,Industrials,68,242.54,16492.72,0.09112739675541334,2019-05-01
BETA.NS,Technology,141,112.85,15911.849999999999,0.0771424729286638,2019-06-03
DELTA.NS,Financials,81,194.59,15761.79,0.0764149648458403,2019-06-03
EPSILON.NS,Industrials,66,236.54,15611.64,0.07568702043269922,2019-06-03
IOTA.NS,Consumer,51,299.34,15266.339999999998,0.07401296644763351,2019-06-03
LAMBDA.NS,Energy,62,259.76,16105.119999999999,0.07807946804506591,2019-06-03
MU.NS,Energy,41,382.76,15693.16,0.0760822387381222,2019-06-03
NU.NS,Materials,56,278.25,15582.0,0.07554332231478046,2019-06-03
PI.NS,Utilities,70,229.56,16069.2,0.07790532376721025,2019-06-03
RHO.NS,Realty,61,259.38,15822.18,0.07670774248892781,2019-06-03
SIGMA.NS,Telecom,35,445.34,15586.9,0.07556707807651467,2019-06-03
THETA.NS,Healthcare,79,200.51,15840.289999999999,0.07679554184505158,2019-06-03
XI.NS,Materials,57,272.03,15505.71,0.07517345964892276,2019-06-03
ZETA.NS,Industrials,65,235.68,15319.2,0.07426923778748458,2019-06-03
BETA.NS,Technology,139,115.11,16000.289999999999,0.07103658224533597,2019-07-01
DELTA.NS,Financials,79,204.33,16142.070000000002,0.07166604375076768,2019-07-01
EPSILON.NS,Industrials,73,216.74,15822.02,0.07024511587085927,2019-07-01
GAMMA.NS,Financials,138,114.73,15832.74,0.07029270951832878,2019-07-01
IOTA.NS,Consumer,53,305.88,16211.64,0.07197491409166824,2019-07-01
LAMBDA.NS,Energy,62,252.35,15645.699999999999,0.06946230692292783,2019-07-01
MU.NS,Energy,45,351.6,15822.000000000002,0.07024502707674085,2019-07-01
NU.NS,Materials,53,304.41,16133.730000000001,0.07162901660338934,2019-07-01
OMICRON.NS,Utilities,41,379.57,15562.369999999999,0.06909234622855893,2019-07-01
PI.NS,Utilities,73,220.77,16116.210000000001,0.07155123295565932,2019-07-01
RHO.NS,Realty,61,260.51,15891.109999999999,0.07055185515291791,2019-07-01
SIGMA.NS,Telecom,36,438.12,15772.32,0.07002446248660228,2019-07-01
THETA.NS,Healthcare,80,198.71,15896.800000000001,0.0705771170796065,2019-07-01
ZETA.NS,Industrials,64,250.14,16008.96,0.07107507449566813,2019-07-01
BETA.NS,Technology,165,119.7,19750.5,0.07865402454656782,2019-08-01
DELTA.NS,Financials,89,217.62,19368.18,0.077131480476056,2019-08-01
EPSILON.NS,Industrials,82,233.42,19140.44,0.07622453292788074,2019-08-01
GAMMA.NS,Financials,166,117.05,19430.3,0.07737886601084411,2019-08-01
IOTA.NS,Consumer,56,341.76,19138.559999999998,0.07621704605078154,2019-08-01
LAMBDA.NS,Energy,74,259.46,19200.039999999997,0.0764618828614508,2019-08-01
NU.NS,Materials,67,280.57,18798.19,0.07486156288149898,2019-08-01
PI.NS,Utilities,88,216.8,19078.4,0.07597746598360748,2019-08-01
RHO.NS,Realty,74,259.83,19227.42,0.07657092046516134,2019-08-01
SIGMA.NS,Telecom,40,467.03,18681.199999999997,0.07439566407733184,2019-08-01
THETA.NS,Healthcare,93,202.09,18794.37,0.07484635018441446,2019-08-01
XI.NS,Materials,67,284.88,19086.96,0.0760115551686974,2019-08-01
ZETA.NS,Industrials,68,282.12,19184.16,0.07639864264425127,2019-08-01
ALPHA.NS,Technology,131,149.5,19584.5,0.07073172166470794,2019-09-02
BETA.NS,Technology,168,116.05,19496.399999999998,0.07041353816864417,2019-09-02
EPSILON.NS,Industrials,80,243.82,19505.6,0.07044676504905037,2019-09-02
GAMMA.NS,Financials,162,120.17,19467.54,0.07030930688945689,2019-09-02
IOTA.NS,Consumer,57,343.4,19573.8,0.07069307735814855,2019-09-02
LAMBDA.NS,Energy,79,247.52,19554.08,0.07062185626232134,2019-09-02
MU.NS,Energy,54,364.71,19694.34,0.07112842172381853,2019-09-02
NU.NS,Materials,69,285.58,19705.02,0.07116699379802922,2019-09-02
PI.NS,Utilities,83,236.8,19654.4,0.07098417372344638,2019-09-02
RHO.NS,Realty,76,258.07,19613.32,0.0708358084791978,2019-09-02
SIGMA.NS,Telecom,43,451.43,19411.49,0.07010687573219952,2019-09-02
THETA.NS,Healthcare,90,219.1,19719.0,0.0712174842097769,2019-09-02
XI.NS,Materials,58,332.34,19275.719999999998,0.0696165264329875,2019-09-02
ZETA.NS,Industrials,63,315.41,19870.83,0.07176583608500235,2019-09-02
ALPHA.NS,Technology,137,171.31,23469.47,0.07798459880041761,2019-10-01
BETA.NS,Technology,187,124.84,23345.08,0.07757127441581141,2019-10-01
EPSILON.NS,Industrials,100,232.52,23252.0,0.07726198722456495,2019-10-01
GAMMA.NS,Financials,193,119.09,22984.37,0.0763727034794716,2019-10-01
IOTA.NS,Consumer,71,318.69,22626.99,0.07518519750173572,2019-10-01
LAMBDA.NS,Energy,93,245.33,22815.690000000002,0.0758122118226232,2019-10-01
MU.NS,Energy,55,434.49,23896.95,0.0794050337866019,2019-10-01
NU.NS,Materials,77,296.23,22809.710000000003,0.07579234141648165,2019-10-01
PI.NS,Utilities,103,222.57,22924.71,0.0761744646115111,2019-10-01
RHO.NS,Realty,85,271.53,23080.05,0.07669062997773611,2019-10-01
THETA.NS,Healthcare,99,231.08,22876.920000000002,0.07601566750289844,2019-10-01
XI.NS,Materials,68,328.76,22355.68,0.07428368581440144,2019-10-01
ZETA.NS,Industrials,75,298.7,22402.5,0.07443925979693429,2019-10-01
ALPHA.NS,Technology,154,164.27,25297.58,0.0780808680134932,2019-11-01
BETA.NS,Technology,204,124.95,25489.8,0.07867415418748903,2019-11-01
EPSILON.NS,Industrials,92,269.57,24800.44,0.07654644761738305,2019-11-01
GAMMA.NS,Financials,211,115.96,24467.559999999998,0.07551901497978168,2019-11-01
LAMBDA.NS,Energy,89,274.56,24435.84,0.07542111134103885,2019-11-01
MU.NS,Energy,54,460.73,24879.420000000002,0.0767902190356652,2019-11-01
NU.NS,Materials,89,275.6,24528.4,0.07570679736884582,2019-11-01
OMICRON.NS,Utilities,61,405.82,24755.02,0.07640625898964978,2019-11-01
RHO.NS,Realty,81,305.15,24717.149999999998,0.07628937340329443,2019-11-01
SIGMA.NS,Telecom,47,523.64,24611.079999999998,0.07596198882065092,2019-11-01
THETA.NS,Healthcare,106,225.03,23853.18,0.07362273384577085,2019-11-01
XI.NS,Materials,79,316.52,25005.079999999998,0.0771780680660695,2019-11-01
ZETA.NS,Industrials,84,299.74,25178.16,0.07771227871530059,2019-11-01
BETA.NS,Technology,201,122.14,24550.14,0.0708344901436457,2019-12-02
DELTA.NS,Financials,129,190.54,24579.66,0.0709196641650175,2019-12-02
EPSILON.NS,Industrials,92,270.35,24872.2,0.07176372948385569,2019-12-02
ETA.NS,Healthcare,106,232.45,24639.699999999997,0.07109289750658802,2019-12-02
GAMMA.NS,Financials,205,120.29,24659.45,0.07114988215842045,2019-12-02
LAMBDA.NS,Energy,80,312.85,25028.0,0.07221325904109568,2019-12-02
MU.NS,Energy,56,441.51,24724.559999999998,0.07133774396504365,2019-12-02
NU.NS,Materials,85,280.4,23833.999999999996,0.06876821224170826,2019-12-02
OMICRON.NS,Utilities,66,381.99,25211.34,0.0727422497280301,2019-12-02
RHO.NS,Realty,78,313.18,24428.04,0.07048219515687419,2019-12-02
SIGMA.NS,Telecom,47,507.98,23875.06,0.06888668261154315,2019-12-02
THETA.NS,Healthcare,94,266.82,25081.079999999998,0.07236641070283059,2019-12-02
XI.NS,Materials,76,316.07,24021.32,0.06930868641797397,2019-12-02
ZETA.NS,Industrials,87,285.37,24827.19,0.07163386218365432,2019-12-02
ALPHA.NS,Technology,154,161.16,24818.64,0.06603302429830037,2020-01-01
BETA.NS,Technology,205,119.08,24411.4,0.06494951251783054,2020-01-01
DELTA.NS,Financials,130,195.79,25452.7,0.06772001840380254,2020-01-01
EPSILON.NS,Industrials,100,247.55,24755.0,0.0658637023021578,2020-01-01
ETA.NS,Healthcare,109,224.42,24461.78,0.06508355466373975,2020-01-01
KAPPA.NS,Consumer,152,165.81,25203.12,0.06705598031773619,2020-01-01
LAMBDA.NS,Energy,74,335.33,24814.42,0.06602179647266049,2020-01-01
MU.NS,Energy,51,500.54,25527.54,0.067919139368468,2020-01-01
OMICRON.NS,Utilities,56,440.39,24661.84,0.0656158387389799,2020-01-01
PI.NS,Utilities,113,222.86,25183.18,0.06700292751127668,2020-01-01
RHO.NS,Realty,74,334.73,24770.02,0.06590366484744475,2020-01-01
SIGMA.NS,Telecom,47,532.09,25008.230000000003,0.066537451659216,2020-01-01
THETA.NS,Healthcare,89,279.62,24886.18,0.06621272272098216,2020-01-01
XI.NS,Materials,76,327.23,24869.480000000003,0.06616829033041678,2020-01-01
ZETA.NS,Industrials,80,306.45,24516.0,0.06522781359885682,2020-01-01
ALPHA.NS,Technology,147,182.8,26871.600000000002,0.06609240203174267,2020-02-03
BETA.NS,Technology,211,127.75,26955.25,0.06629814450446313,2020-02-03
DELTA.NS,Financials,120,225.91,27109.2,0.06667679427942208,2020-02-03
EPSILON.NS,Industrials,105,258.67,27160.350000000002,0.06680260094385307,2020-02-03
KAPPA.NS,Consumer,159,174.46,27739.140000000003,0.06822617160477212,2020-02-03
LAMBDA.NS,Energy,82,331.47,27180.54,0.06685225952752583,2020-02-03
MU.NS,Energy,56,483.36,27068.16,0.06657585380027745,2020-02-03
NU.NS,Materials,95,286.49,27216.55,0.06694082840311057,2020-02-03
OMICRON.NS,Utilities,57,465.66,26542.620000000003,0.06528325488678656,2020-02-03
PI.NS,Utilities,111,240.75,26723.25,0.06572752581144282,2020-02-03
RHO.NS,Realty,92,293.97,27045.24,0.06651948060870838,2020-02-03
SIGMA.NS,Telecom,53,508.83,26967.989999999998,0.0663294793413126,2020-02-03
THETA.NS,Healthcare,93,280.02,26041.859999999997,0.06405160395266221,2020-02-03
XI.NS,Materials,83,315.02,26146.66,0.06430936618985414,2020-02-03
ZETA.NS,Industrials,76,352.83,26815.079999999998,0.06595338751221892,2020-02-03
ALPHA.NS,Technology,167,208.63,34841.21,0.08397955190949355,2020-03-02
BETA.NS,Technology,279,123.76,34529.04,0.08322711257918367,2020-03-02
DELTA.NS,Financials,156,218.73,34121.88,0.08224571398954025,2020-03-02
EPSILON.NS,Industrials,140,246.47,34505.8,0.08317109601757812,2020-03-02
ETA.NS,Healthcare,162,206.21,33406.020000000004,0.0805202399882088,2020-03-02
KAPPA.NS,Consumer,190,181.61,34505.9,0.0831713370526969,2020-03-02
LAMBDA.NS,Energy,119,292.28,34781.32,0.08383519597685346,2020-03-02
MU.NS,Energy,72,468.16,33707.520000000004,0.08124696087134438,2020-03-02
OMICRON.NS,Utilities,76,457.01,34732.76,0.08371814932317166,2020-03-02
PI.NS,Utilities,147,235.73,34652.31,0.08352423657010943,2020-03-02
THETA.NS,Healthcare,125,280.12,35015.0,0.08439844684242932,2020-03-02
ZETA.NS,Industrials,98,346.7,33976.6,0.08189553816896998,2020-03-02
ALPHA.NS,Technology,139,213.09,29619.510000000002,0.06755763568370028,2020-04-01
BETA.NS,Technology,235,125.07,29391.449999999997,0.06703746521518054,2020-04-01
DELTA.NS,Financials,128,234.13,29968.64,0.06835394856484686,2020-04-01
IOTA.NS,Consumer,91,319.02,29030.82,0.06621492256823558,2020-04-01
KAPPA.NS,Consumer,157,182.17,28600.69,0.06523386090190045,2020-04-01
LAMBDA.NS,Energy,102,289.37,29515.74,0.06732095196223097,2020-04-01
MU.NS,Energy,54,526.27,28418.579999999998,0.06481849545411422,2020-04-01
NU.NS,Materials,100,292.35,29235.000000000004,0.06668062635786269,2020-04-01
OMICRON.NS,Utilities,67,428.66,28720.22,0.06550649080675953,2020-04-01
PI.NS,Utilities,117,244.04,28552.68,0.06512435733181525,2020-04-01
RHO.NS,Realty,99,294.81,29186.19,0.0665692981084176,2020-04-01
SIGMA.NS,Telecom,56,511.92,28667.52,0.065386290053927,2020-04-01
THETA.NS,Healthcare,104,279.45,29062.8,0.06628786412564705,2020-04-01
XI.NS,Materials,88,323.2,28441.6,0.06487100060269496,2020-04-01
ZETA.NS,Industrials,92,315.41,29017.72,0.06618504344371744,2020-04-01
ALPHA.NS,Technology,145,225.91,32756.95,0.06999693530140677,2020-05-01
BETA.NS,Technology,241,136.63,32927.83,0.07036208151631092,2020-05-01
DELTA.NS,Financials,161,201.35,32417.35,0.06927125848386552,2020-05-01
ETA.NS,Healthcare,149,232.9,34702.1,0.07415344372790958,2020-05-01
KAPPA.NS,Consumer,168,201.43,33840.24,0.07231177169620728,2020-05-01
LAMBDA.NS,Energy,104,313.88,32643.52,0.06975455155166088,2020-05-01
MU.NS,Energy,62,536.56,33266.719999999994,0.0710862411650051,2020-05-01
NU.NS,Materials,104,323.75,33670.0,0.071947993070123,2020-05-01
PI.NS,Utilities,132,250.1,33013.2,0.0705445050437358,2020-05-01
RHO.NS,Realty,109,307.84,33554.56,0.07170131423673973,2020-05-01
SIGMA.NS,Telecom,61,546.0,33306.0,0.07117017692882438,2020-05-01
THETA.NS,Healthcare,116,286.93,33283.88,0.07112290964023776,2020-05-01
XI.NS,Materials,100,321.23,32123.0,0.06864227446960385,2020-05-01
ZETA.NS,Industrials,100,330.78,33078.0,0.07068297341174722,2020-05-01
ALPHA.NS,Technology,176,214.89,37820.64,0.07589379858850823,2020-06-01
BETA.NS,Technology,296,127.58,37763.68,0.07577949828138487,2020-06-01
DELTA.NS,Financials,187,206.84,38679.08,0.0776164101693889,2020-06-01
ETA.NS,Healthcare,171,224.92,38461.32,0.07717943624243702,2020-06-01
KAPPA.NS,Consumer,195,193.24,37681.8,0.07561519158989508,2020-06-01
LAMBDA.NS,Energy,123,305.81,37614.63,0.075480403113254,2020-06-01
MU.NS,Energy,60,642.22,38533.200000000004,0.07732367616652455,2020-06-01
NU.NS,Materials,120,318.48,38217.600000000006,0.07669036898730884,2020-06-01
PI.NS,Utilities,130,292.33,38002.9,0.07625953549118204,2020-06-01
RHO.NS,Realty,120,319.22,38306.4,0.07686856188184102,2020-06-01
SIGMA.NS,Telecom,65,592.01,38480.65,0.0772182253038256,2020-06-01
THETA.NS,Healthcare,132,293.4,38728.799999999996,0.07771618213691299,2020-06-01
ZETA.NS,Industrials,111,340.27,37769.97,0.07579212027808091,2020-06-01
ALPHA.NS,Technology,213,208.26,44359.38,0.08243628127337728,2020-07-01
BETA.NS,Technology,337,133.8,45090.600000000006,0.08379516089686885,2020-07-01
DELTA.NS,Financials,196,223.1,43727.6,0.08126219827711147,2020-07-01
KAPPA.NS,Consumer,218,206.57,45032.26,0.08368674340659985,2020-07-01
LAMBDA.NS,Energy,135,326.51,44078.85,0.08191495185025142,2020-07-01
MU.NS,Energy,61,734.01,44774.61,0.08320793356141974,2020-07-01
NU.NS,Materials,152,291.51,44309.52,0.08234362278752173,2020-07-01
PI.NS,Utilities,151,304.55,45987.05,0.08546109951791178,2020-07-01
RHO.NS,Realty,132,335.57,44295.24,0.08231708521876889,2020-07-01
SIGMA.NS,Telecom,67,668.55,44792.85,0.08324183028789396,2020-07-01
THETA.NS,Healthcare,145,310.8,45066.0,0.08374944491708453,2020-07-01
ZETA.NS,Industrials,120,362.34,43480.799999999996,0.08080355178073866,2020-07-01
ALPHA.NS,Technology,217,214.22,46485.74,0.08219407977267681,2020-08-03
BETA.NS,Technology,349,136.35,47586.15,0.084139777255876,2020-08-03
DELTA.NS,Financials,182,257.13,46797.659999999996,0.08274560325843165,2020-08-03
IOTA.NS,Consumer,150,313.67,47050.5,0.08319266403727961,2020-08-03
KAPPA.NS,Consumer,228,206.17,47006.759999999995,0.08311532485650595,2020-08-03
MU.NS,Energy,59,802.4,47341.6,0.08370737449734385,2020-08-03
NU.NS,Materials,148,317.27,46955.96,0.08302550248834635,2020-08-03
PI.NS,Utilities,141,327.38,46160.58,0.08161914589018116,2020-08-03
RHO.NS,Realty,146,321.1,46880.600000000006,0.08289225418786392,2020-08-03
SIGMA.NS,Telecom,74,631.82,46754.68,0.0826696078768667,2020-08-03
THETA.NS,Healthcare,161,291.14,46873.54,0.08287977100047794,2020-08-03
ZETA.NS,Industrials,136,342.4,46566.399999999994,0.082336699304483,2020-08-03
ALPHA.NS,Technology,253,231.24,58503.72,0.09812624841049901,2020-09-01
BETA.NS,Technology,426,137.41,58536.659999999996,0.09818149752325016,2020-09-01
DELTA.NS,Financials,235,245.96,57800.6,0.09694692976576343,2020-09-01
IOTA.NS,Consumer,169,350.41,59219.29,0.09932644900586458,2020-09-01
KAPPA.NS,Consumer,298,203.97,60783.06,0.10194930586824677,2020-09-01
MU.NS,Energy,63,946.32,59618.16,0.09999545974062635,2020-09-01
NU.NS,Materials,181,326.86,59161.66,0.09922978821752673,2020-09-01
PI.NS,Utilities,180,331.37,59646.6,0.1000431611603787,2020-09-01
SIGMA.NS,Telecom,91,669.74,60946.340000000004,0.10222316971554514,2020-09-01
ZETA.NS,Industrials,169,348.0,58812.0,0.09864331569886954,2020-09-01
ALPHA.NS,Technology,249,227.38,56617.619999999995,0.0907932562510789,2020-10-01
BETA.NS,Technology,421,136.13,57310.729999999996,0.09190474263712241,2020-10-01
DELTA.NS,Financials,214,270.71,57931.939999999995,0.09290092860742163,2020-10-01
ETA.NS,Healthcare,257,215.38,55352.659999999996,0.08876473867249886,2020-10-01
IOTA.NS,Consumer,173,323.81,56019.13,0.0898335045707061,2020-10-01
KAPPA.NS,Consumer,273,208.09,56808.57,0.09109946785589633,2020-10-01
MU.NS,Energy,56,984.57,55135.920000000006,0.08841716965847357,2020-10-01
NU.NS,Materials,150,383.55,57532.5,0.09226037786938407,2020-10-01
PI.NS,Utilities,175,313.09,54790.74999999999,0.08786364748180514,2020-10-01
SIGMA.NS,Telecom,91,630.42,57368.219999999994,0.09199693486106038,2020-10-01
ZETA.NS,Industrials,154,360.2,55470.799999999996,0.08895419056562863,2020-10-01
ALPHA.NS,Technology,327,219.96,71926.92,0.11202532758467869,2020-11-02
DELTA.NS,Financials,230,305.13,70179.9,0.10930436458783431,2020-11-02
ETA.NS,Healthcare,324,219.43,71095.32,0.11073012041579924,2020-11-02
KAPPA.NS,Consumer,326,218.93,71371.18000000001,0.11115976910460046,2020-11-02
MU.NS,Energy,71,1013.47,71956.37,0.11207119561152272,2020-11-02
NU.NS,Materials,175,403.14,70549.5,0.10988001221844741,2020-11-02
SIGMA.NS,Telecom,112,628.23,70361.76000000001,0.10958760938789737,2020-11-02
XI.NS,Materials,224,312.44,69986.56,0.10900323982348709,2020-11-02
ZETA.NS,Industrials,191,377.69,72138.79,0.11235531260496547,2020-11-02
ALPHA.NS,Technology,296,229.75,68006.0,0.0997433558924342,2020-12-01
DELTA.NS,Financials,217,309.16,67087.72,0.0983965287176422,2020-12-01
EPSILON.NS,Industrials,320,217.47,69590.4,0.10206717104221469,2020-12-01
KAPPA.NS,Consumer,304,225.02,68406.08,0.10033014708476201,2020-12-01
MU.NS,Energy,64,1074.87,68791.68,0.10089570068344626,2020-12-01
NU.NS,Materials,159,422.49,67175.91,0.09852587563638693,2020-12-01
SIGMA.NS,Telecom,108,630.68,68113.43999999999,0.0999009364905738,2020-12-01
THETA.NS,Healthcare,225,302.34,68026.5,0.09977342292763396,2020-12-01
XI.NS,Materials,206,323.13,66564.78,0.09762954064996597,2020-12-01
ZETA.NS,Industrials,163,413.81,67451.03,0.09892938991561415,2020-12-01
DELTA.NS,Financials,366,301.99,110528.34,0.16472837578523622,2021-01-01
KAPPA.NS,Consumer,503,226.15,113753.45,0.16953499037864025,2021-01-01
MU.NS,Energy,112,988.13,110670.56,0.1649403365330786,2021-01-01
NU.NS,Materials,283,392.79,111159.57,0.1656691434892198,2021-01-01
THETA.NS,Healthcare,359,316.03,113454.76999999999,0.16908984598146995,2021-01-01
ZETA.NS,Industrials,288,379.0,109152.0,0.16267711678027647,2021-01-01
DELTA.NS,Financials,256,311.57,79761.92,0.1115203969742789,2021-02-01
EPSILON.NS,Industrials,377,209.75,79075.75,0.11056101747599399,2021-02-01
IOTA.NS,Consumer,248,321.81,79808.88,0.11158605484512646,2021-02-01
KAPPA.NS,Consumer,329,242.43,79759.47,0.11151697146781432,2021-02-01
MU.NS,Energy,82,970.47,79578.54000000001,0.11126400131082018,2021-02-01
NU.NS,Materials,182,429.56,78179.92,0.10930849851429562,2021-02-01
OMICRON.NS,Utilities,227,344.32,78160.64,0.10928154187566827,2021-02-01
THETA.NS,Healthcare,236,336.53,79421.07999999999,0.1110438461075907,2021-02-01
ZETA.NS,Industrials,211,375.25,79177.75,0.11070363039819266,2021-02-01
ALPHA.NS,Technology,237,255.13,60465.81,0.08242111820228153,2021-03-01
DELTA.NS,Financials,206,290.19,59779.14,0.0814851163652771,2021-03-01
GAMMA.NS,Financials,710,85.47,60683.7,0.08271812468321836,2021-03-01
IOTA.NS,Consumer,189,319.53,60391.17,0.08231937620523198,2021-03-01
KAPPA.NS,Consumer,260,235.34,61188.4,0.08340608269381462,2021-03-01
MU.NS,Energy,64,942.78,60337.92,0.08224679097823723,2021-03-01
NU.NS,Materials,151,408.94,61749.94,0.0841715194706528,2021-03-01
OMICRON.NS,Utilities,150,408.64,61296.0,0.08355275256094392,2021-03-01
SIGMA.NS,Telecom,95,629.67,59818.649999999994,0.08153897255905292,2021-03-01
THETA.NS,Healthcare,182,335.98,61148.36,0.08335150405552598,2021-03-01
XI.NS,Materials,183,334.63,61237.29,0.08347272479236435,2021-03-01
ZETA.NS,Industrials,161,388.14,62490.54,0.08518103344459294,2021-03-01
ALPHA.NS,Technology,206,268.07,55222.42,0.07214385178651514,2021-04-01
DELTA.NS,Financials,173,318.84,55159.31999999999,0.07206141648129437,2021-04-01
EPSILON.NS,Industrials,246,220.65,54279.9,0.07091252177262176,2021-04-01
ETA.NS,Healthcare,255,200.97,51247.35,0.06695072803494788,2021-04-01
GAMMA.NS,Financials,644,83.98,54083.12,0.07065544381126929,2021-04-01
IOTA.NS,Consumer,173,317.52,54930.96,0.0717630816746349,2021-04-01
KAPPA.NS,Consumer,227,240.16,54516.32,0.0712213863504394,2021-04-01
MU.NS,Energy,56,979.25,54838.0,0.0716416365720466,2021-04-01
NU.NS,Materials,131,414.4,54286.399999999994,0.07092101352355575,2021-04-01
OMICRON.NS,Utilities,125,426.18,53272.5,0.06959643102017492,2021-04-01
SIGMA.NS,Telecom,86,626.28,53860.079999999994,0.07036405917614347,2021-04-01
THETA.NS,Healthcare,162,341.24,55280.880000000005,0.07222022528799227,2021-04-01
XI.NS,Materials,159,345.83,54986.969999999994,0.0718362544392215,2021-04-01
ZETA.NS,Industrials,145,371.1,53809.5,0.07029798028964479,2021-04-01
ALPHA.NS,Technology,198,275.96,54640.079999999994,0.06821557491676142,2021-05-03
DELTA.NS,Financials,167,314.19,52469.73,0.0655059948242617,2021-05-03
EPSILON.NS,Industrials,232,228.13,52926.159999999996,0.06607582625311863,2021-05-03
ETA.NS,Healthcare,243,218.27,53039.61,0.06621746325244782,2021-05-03
GAMMA.NS,Financials,596,89.08,53091.68,0.06628247020313156,2021-05-03
KAPPA.NS,Consumer,214,247.01,52860.14,0.0659934033822882,2021-05-03
LAMBDA.NS,Energy,203,262.36,53259.08,0.06649146124489186,2021-05-03
MU.NS,Energy,50,1051.38,52569.00000000001,0.06562992875924106,2021-05-03
NU.NS,Materials,124,429.13,53212.12,0.06643283388932995,2021-05-03
OMICRON.NS,Utilities,123,423.66,52110.18,0.06505711352757762,2021-05-03
RHO.NS,Realty,175,302.98,53021.5,0.06619485376758355,2021-05-03
SIGMA.NS,Telecom,82,642.32,52670.240000000005,0.06575632214674292,2021-05-03
THETA.NS,Healthcare,168,318.02,53427.36,0.06670155092534241,2021-05-03
XI.NS,Materials,164,328.69,53905.159999999996,0.06729806179602979,2021-05-03
ZETA.NS,Industrials,128,419.85,53740.8,0.06709286605156312,2021-05-03
ALPHA.NS,Technology,236,281.64,66467.04,0.0806515501896184,2021-06-01
EPSILON.NS,Industrials,302,232.15,70109.3,0.08507109279590327,2021-06-01
ETA.NS,Healthcare,324,212.31,68788.44,0.083468352451464,2021-06-01
KAPPA.NS,Consumer,271,255.83,69329.93000000001,0.08412540003342607,2021-06-01
LAMBDA.NS,Energy,241,285.14,68718.73999999999,0.0833837780060213,2021-06-01
MU.NS,Energy,58,1156.19,67059.02,0.08136986267474264,2021-06-01
NU.NS,Materials,168,408.55,68636.40000000001,0.08328386610017124,2021-06-01
OMICRON.NS,Utilities,168,414.56,69646.08,0.08450901855461262,2021-06-01
RHO.NS,Realty,215,323.22,69492.3,0.08432242087570051,2021-06-01
SIGMA.NS,Telecom,102,659.33,67251.66,0.08160361333715409,2021-06-01
THETA.NS,Healthcare,195,343.71,67023.45,0.08132670179921327,2021-06-01
ZETA.NS,Industrials,165,408.23,67357.95,0.08173258633293747,2021-06-01
ALPHA.NS,Technology,263,267.99,70481.37,0.08354011423372919,2021-07-01
DELTA.NS,Financials,191,357.43,68269.13,0.08091799178757889,2021-07-01
EPSILON.NS,Industrials,291,243.54,70870.14,0.08400091529662917,2021-07-01
ETA.NS,Healthcare,333,210.51,70099.83,0.0830878827407157,2021-07-01
KAPPA.NS,Consumer,248,283.67,70350.16,0.08338459372684054,2021-07-01
LAMBDA.NS,Energy,244,288.78,70462.31999999999,0.08351753466162165,2021-07-01
MU.NS,Energy,67,1037.39,69505.13,0.082382997095973,2021-07-01
OMICRON.NS,Utilities,170,413.3,70261.0,0.08327891421770103,2021-07-01
RHO.NS,Realty,221,317.94,70264.74,0.08328334716256625,2021-07-01
SIGMA.NS,Telecom,107,667.51,71423.56999999999,0.08465688446153577,2021-07-01
THETA.NS,Healthcare,183,375.75,68762.25,0.0815024767533356,2021-07-01
ZETA.NS,Industrials,175,396.11,69319.25,0.08216267736561353,2021-07-01
ALPHA.NS,Technology,261,278.91,72795.51000000001,0.08417666327205796,2021-08-02
BETA.NS,Technology,678,105.18,71312.04000000001,0.08246126139268106,2021-08-02
DELTA.NS,Financials,181,398.51,72130.31,0.08340746313308546,2021-08-02
EPSILON.NS,Industrials,296,243.43,72055.28,0.08332070263033876,2021-08-02
ETA.NS,Healthcare,346,209.42,72459.31999999999,0.08378791192701711,2021-08-02
IOTA.NS,Consumer,229,316.07,72380.03,0.08369622539812487,2021-08-02
KAPPA.NS,Consumer,241,299.91,72278.31000000001,0.08357860206959769,2021-08-02
LAMBDA.NS,Energy,248,291.7,72341.59999999999,0.08365178709183996,2021-08-02
OMICRON.NS,Utilities,165,431.72,71233.8,0.0823707890251627,2021-08-02
RHO.NS,Realty,238,298.19,70969.22,0.08206484348582214,2021-08-02
SIGMA.NS,Telecom,111,628.41,69753.51,0.08065906432023247,2021-08-02
THETA.NS,Healthcare,179,400.66,71718.14,0.08293085275834058,2021-08-02
ALPHA.NS,Technology,247,300.44,74208.68,0.08268401800811934,2021-09-01
BETA.NS,Technology,692,108.12,74819.04000000001,0.08336408693309465,2021-09-01
DELTA.NS,Financials,182,406.37,73959.34,0.08240620100544331,2021-09-01
EPSILON.NS,Industrials,328,226.69,74354.31999999999,0.08284629148317242,2021-09-01
ETA.NS,Healthcare,315,241.76,76154.4,0.08485195776285905,2021-09-01
IOTA.NS,Consumer,227,323.05,73332.35,0.08170760277608645,2021-09-01
KAPPA.NS,Consumer,242,311.62,75412.04000000001,0.08402481318073596,2021-09-01
NU.NS,Materials,179,415.14,74310.06,0.08279697656964695,2021-09-01
OMICRON.NS,Utilities,150,500.46,75069.0,0.08364259474567545,2021-09-01
THETA.NS,Healthcare,173,428.06,74054.38,0.08251209547858974,2021-09-01
XI.NS,Materials,200,375.41,75082.0,0.08365707946948546,2021-09-01
ZETA.NS,Industrials,170,432.22,73477.40000000001,0.08186921886752047,2021-09-01
ALPHA.NS,Technology,240,326.35,78324.0,0.08244522634089592,2021-10-01
BETA.NS,Technology,746,110.01,82067.46,0.08638565848172237,2021-10-01
DELTA.NS,Financials,184,424.24,78060.16,0.08216750369499197,2021-10-01
EPSILON.NS,Industrials,344,233.1,80186.4,0.0844056214884533,2021-10-01
ETA.NS,Healthcare,327,237.71,77731.17,0.08182120300792425,2021-10-01
IOTA.NS,Consumer,245,318.42,78012.90000000001,0.08211775698393443,2021-10-01
KAPPA.NS,Consumer,237,332.97,78913.89,0.08306615497791946,2021-10-01
OMICRON.NS,Utilities,156,495.97,77371.32,0.08144241853957776,2021-10-01
RHO.NS,Realty,256,302.05,77324.8,0.08139345076559559,2021-10-01
THETA.NS,Healthcare,157,499.38,78402.66,0.08252802524677376,2021-10-01
XI.NS,Materials,212,381.28,80831.36,0.08508451778053268,2021-10-01
ZETA.NS,Industrials,166,476.86,79158.76000000001,0.08332390946663423,2021-10-01
ALPHA.NS,Technology,228,330.86,75436.08,0.07667377348894973,2021-11-01
BETA.NS,Technology,729,104.33,76056.56999999999,0.07730444398126796,2021-11-01
DELTA.NS,Financials,193,384.7,74247.09999999999,0.0754652856777738,2021-11-01
EPSILON.NS,Industrials,319,239.9,76528.1,0.07778371045976533,2021-11-01
ETA.NS,Healthcare,314,244.12,76653.68000000001,0.0779113508736726,2021-11-01
IOTA.NS,Consumer,233,320.94,74779.02,0.07600593298598816,2021-11-01
KAPPA.NS,Consumer,203,369.64,75036.92,0.07626806439820893,2021-11-01
NU.NS,Materials,173,434.73,75208.29000000001,0.07644224609697699,2021-11-01
OMICRON.NS,Utilities,151,488.13,73707.63,0.07491696449533586,2021-11-01
RHO.NS,Realty,246,302.43,74397.78,0.07561843791194763,2021-11-01
THETA.NS,Healthcare,145,514.26,74567.7,0.07579114582030186,2021-11-01
XI.NS,Materials,199,395.6,78724.40000000001,0.08001604555344703,2021-11-01
ZETA.NS,Industrials,144,517.2,74476.8,0.07569875440746406,2021-11-01
ALPHA.NS,Technology,204,351.8,71767.2,0.07117385742372066,2021-12-01
BETA.NS,Technology,663,108.2,71736.6,0.07114351041231204,2021-12-01
DELTA.NS,Financials,174,407.24,70859.76,0.07027391977559476,2021-12-01
EPSILON.NS,Industrials,296,244.81,72463.76,0.0718646585435507,2021-12-01
ETA.NS,Healthcare,285,257.05,73259.25,0.07265357174961136,2021-12-01
IOTA.NS,Consumer,222,324.0,71928.0,0.07133332799347585,2021-12-01
KAPPA.NS,Consumer,177,402.9,71313.3,0.07072371008782591,2021-12-01
NU.NS,Materials,155,454.17,70396.35,0.06981434106458576,2021-12-01
OMICRON.NS,Utilities,160,447.87,71659.2,0.07106675032463136,2021-12-01
RHO.NS,Realty,228,312.68,71291.04000000001,0.07070163412462473,2021-12-01
SIGMA.NS,Telecom,69,731.08,50444.520000000004,0.05002746483474381,2021-12-01
THETA.NS,Healthcare,154,464.82,71582.28,0.07099046626850221,2021-12-01
XI.NS,Materials,197,368.56,72606.32,0.0720060399143486,2021-12-01
ZETA.NS,Industrials,154,464.45,71525.3,0.0709339573564086,2021-12-01
ALPHA.NS,Technology,218,342.64,74695.52,0.07054948765789404,2022-01-03
DELTA.NS,Financials,178,429.73,76491.94,0.07224619598281626,2022-01-03
EPSILON.NS,Industrials,307,245.14,75257.98,0.071080727882583,2022-01-03
ETA.NS,Healthcare,275,281.08,77297.0,0.0730065705077391,2022-01-03
IOTA.NS,Consumer,212,352.99,74833.88,0.0706801678795773,2022-01-03
KAPPA.NS,Consumer,173,442.76,76597.48,0.07234587790386605,2022-01-03
NU.NS,Materials,175,440.1,77017.5,0.07274258437041277,2022-01-03
OMICRON.NS,Utilities,155,477.43,74001.65,0.06989413144642133,2022-01-03
PI.NS,Utilities,315,231.75,73001.25,0.06894925941858142,2022-01-03
RHO.NS,Realty,243,312.47,75930.21,0.0717156452389153,2022-01-03
SIGMA.NS,Telecom,99,739.7,73230.3,0.06916559582199679,2022-01-03
THETA.NS,Healthcare,172,436.79,75127.88,0.07095784918324077,2022-01-03
XI.NS,Materials,175,426.06,74560.5,0.07042196204693947,2022-01-03
ZETA.NS,Industrials,146,523.11,76374.06,0.07213485900296643,2022-01-03
ALPHA.NS,Technology,282,343.55,96881.1,0.09087371220516338,2022-02-01
DELTA.NS,Financials,224,441.54,98904.96,0.09277207701711888,2022-02-01
EPSILON.NS,Industrials,394,246.52,97128.88,0.09110612790244794,2022-02-01
ETA.NS,Healthcare,381,253.93,96747.33,0.0907482369939851,2022-02-01
IOTA.NS,Consumer,242,394.1,95372.20000000001,0.0894583758356716,2022-02-01
KAPPA.NS,Consumer,222,443.93,98552.46,0.09244143478088994,2022-02-01
OMICRON.NS,Utilities,200,476.1,95220.0,0.08931561342899344,2022-02-01
SIGMA.NS,Telecom,131,749.16,98139.95999999999,0.0920545130150901,2022-02-01
THETA.NS,Healthcare,213,451.84,96241.92,0.09027416637664475,2022-02-01
XI.NS,Materials,219,438.45,96020.55,0.09006652305229297,2022-02-01
ZETA.NS,Industrials,194,481.5,93411.0,0.08761878561243128,2022-02-01
ALPHA.NS,Technology,255,371.87,94826.85,0.08565733184463269,2022-03-01
DELTA.NS,Financials,198,456.77,90440.45999999999,0.08169509473742119,2022-03-01
EPSILON.NS,Industrials,365,253.95,92691.75,0.08372869065048277,2022-03-01
ETA.NS,Healthcare,381,242.5,92392.5,0.08345837737365762,2022-03-01
IOTA.NS,Consumer,228,402.65,91804.2,0.08292696450563346,2022-03-01
KAPPA.NS,Consumer,213,439.02,93511.26,0.08446895609239077,2022-03-01
OMICRON.NS,Utilities,195,463.23,90329.85,0.08159518044652854,2022-03-01
RHO.NS,Realty,294,308.5,90699.0,0.08192863456896797,2022-03-01
SIGMA.NS,Telecom,128,701.93,89847.04,0.08115905696053372,2022-03-01
THETA.NS,Healthcare,177,521.45,92296.65000000001,0.08337179582784747,2022-03-01
XI.NS,Materials,199,459.78,91496.22,0.08264876539787537,2022-03-01
ZETA.NS,Industrials,190,486.42,92419.8,0.08348303753224519,2022-03-01
ALPHA.NS,Technology,278,364.71,101389.37999999999,0.08948600796532044,2022-04-01
DELTA.NS,Financials,223,466.89,104116.47,0.09189293063771618,2022-04-01
EPSILON.NS,Industrials,402,254.36,102252.72,0.09024798964542126,2022-04-01
IOTA.NS,Consumer,262,393.93,103209.66,0.09109258244658382,2022-04-01
KAPPA.NS,Consumer,252,408.1,102841.20000000001,0.0907673805911735,2022-04-01
OMICRON.NS,Utilities,212,478.57,101456.84,0.08954554798911131,2022-04-01
PI.NS,Utilities,446,231.62,103302.52,0.09117454044553458,2022-04-01
SIGMA.NS,Telecom,136,765.21,104068.56,0.09185064539401887,2022-04-01
THETA.NS,Healthcare,177,570.97,101061.69,0.08919678960783414,2022-04-01
XI.NS,Materials,210,484.2,101682.0,0.08974427363033204,2022-04-01
ZETA.NS,Industrials,218,474.46,103432.28,0.09128906629028855,2022-04-01
ALPHA.NS,Technology,222,373.85,82994.70000000001,0.06996331949742281,2022-05-02
DELTA.NS,Financials,167,509.08,85016.36,0.071667549339752,2022-05-02
EPSILON.NS,Industrials,325,252.81,82163.25,0.0692624192954083,2022-05-02
ETA.NS,Healthcare,308,273.5,84238.0,0.07101140323206062,2022-05-02
GAMMA.NS,Financials,1220,67.84,82764.8,0.06976951715640033,2022-05-02
IOTA.NS,Consumer,217,388.98,84408.66,0.07115526711861518,2022-05-02
KAPPA.NS,Consumer,200,423.26,84652.0,0.07136039918327115,2022-05-02
LAMBDA.NS,Energy,341,250.72,85495.52,0.07207147421893567,2022-05-02
OMICRON.NS,Utilities,170,488.18,82990.6,0.06995986325732627,2022-05-02
PI.NS,Utilities,378,224.4,84823.2,0.07150471828193598,2022-05-02
SIGMA.NS,Telecom,102,834.91,85160.81999999999,0.07178932700910434,2022-05-02
THETA.NS,Healthcare,139,619.04,86046.56,0.07253599288790923,2022-05-02
XI.NS,Materials,171,493.24,84344.04000000001,0.07110079340275233,2022-05-02
ZETA.NS,Industrials,177,488.91,86537.07,0.07294948565126257,2022-05-02
DELTA.NS,Financials,218,481.67,105004.06,0.0885951248692917,2022-06-01
EPSILON.NS,Industrials,385,280.82,108115.7,0.0912205103481797,2022-06-01
ETA.NS,Healthcare,426,249.24,106176.24,0.08958412885132143,2022-06-01
IOTA.NS,Consumer,296,361.62,107039.52,0.09031250449124584,2022-06-01
KAPPA.NS,Consumer,232,473.06,109749.92,0.09259935155645196,2022-06-01
LAMBDA.NS,Energy,399,268.52,107139.48,0.09039684378900188,2022-06-01
RHO.NS,Realty,346,312.16,108007.36000000002,0.09112910058908717,2022-06-01
SIGMA.NS,Telecom,126,838.5,105651.0,0.08914096785939075,2022-06-01
THETA.NS,Healthcare,193,558.68,107825.23999999999,0.09097544039593657,2022-06-01
XI.NS,Materials,230,471.97,108553.1,0.09158955805564767,2022-06-01
ZETA.NS,Industrials,204,527.55,107620.2,0.09080244190041935,2022-06-01
DELTA.NS,Financials,214,586.72,125558.08,0.10115014188413879,2022-07-01
EPSILON.NS,Industrials,436,284.67,124116.12000000001,0.09998849256144086,2022-07-01
IOTA.NS,Consumer,334,364.96,121896.64,0.09820046970453664,2022-07-01
KAPPA.NS,Consumer,232,529.78,122908.95999999999,0.09901599915220062,2022-07-01
LAMBDA.NS,Energy,410,300.35,123143.50000000001,0.09920494560851398,2022-07-01
OMICRON.NS,Utilities,246,505.45,124340.7,0.10016941519791586,2022-07-01
RHO.NS,Realty,368,338.48,124560.64000000001,0.10034659982996821,2022-07-01
SIGMA.NS,Telecom,145,826.58,119854.1,0.09655499049042292,2022-07-01
THETA.NS,Healthcare,231,545.53,126017.43,0.10152019626593946,2022-07-01
ZETA.NS,Industrials,231,539.22,124559.82,0.10034593923435903,2022-07-01
BETA.NS,Technology,1024,97.24,99573.76,0.07779878917819597,2022-08-01
DELTA.NS,Financials,162,596.33,96605.46,0.07547960241737023,2022-08-01
EPSILON.NS,Industrials,352,280.12,98602.24,0.07703972293762816,2022-08-01
GAMMA.NS,Financials,1297,77.11,100011.67,0.0781409362234519,2022-08-01
IOTA.NS,Consumer,258,381.16,98339.28000000001,0.07683426750838357,2022-08-01
KAPPA.NS,Consumer,174,575.51,100138.74,0.07824021832488981,2022-08-01
LAMBDA.NS,Energy,310,314.2,97402.0,0.07610195360238123,2022-08-01
MU.NS,Energy,126,768.62,96846.12,0.07566763445114724,2022-08-01
OMICRON.NS,Utilities,182,537.73,97866.86,0.07646515717265291,2022-08-01
RHO.NS,Realty,299,324.37,96986.63,0.07577741746895665,2022-08-01
SIGMA.NS,Telecom,117,846.03,98985.51,0.07733917875739761,2022-08-01
THETA.NS,Healthcare,191,518.77,99085.06999999999,0.07741696679563762,2022-08-01
ZETA.NS,Industrials,183,523.36,95774.88,0.07483065516143025,2022-08-01
BETA.NS,Technology,1230,97.34,119728.2,0.09221763567743856,2022-09-01
DELTA.NS,Financials,201,591.55,118901.54999999999,0.09158092929972006,2022-09-01
EPSILON.NS,Industrials,376,316.2,118891.2,0.09157295747245413,2022-09-01
GAMMA.NS,Financials,1433,79.5,113923.5,0.08774671145226164,2022-09-01
IOTA.NS,Consumer,312,374.81,116940.72,0.09007064929412914,2022-09-01
KAPPA.NS,Consumer,220,534.18,117519.59999999999,0.09051651705912481,2022-09-01
LAMBDA.NS,Energy,453,256.63,116253.39,0.08954125064343386,2022-09-01
MU.NS,Energy,131,875.09,114636.79000000001,0.08829610514023456,2022-09-01
OMICRON.NS,Utilities,232,514.99,119477.68000000001,0.09202467894636007,2022-09-01
SIGMA.NS,Telecom,145,816.19,118347.55,0.09115422472915691,2022-09-01
ZETA.NS,Industrials,195,610.85,119115.75,0.0917459114640064,2022-09-01
BETA.NS,Technology,1653,98.62,163018.86000000002,0.12343150457299884,2022-10-03
EPSILON.NS,Industrials,489,338.1,165330.90000000002,0.12518209082929432,2022-10-03
GAMMA.NS,Financials,2318,73.56,170512.08000000002,0.12910507767181995,2022-10-03
KAPPA.NS,Consumer,310,529.86,164256.6,0.12436867288880096,2022-10-03
MU.NS,Energy,197,817.85,161116.45,0.12199107413068855,2022-10-03
OMICRON.NS,Utilities,294,558.7,164257.80000000002,0.1243695814818649,2022-10-03
SIGMA.NS,Telecom,183,893.44,163499.52000000002,0.12379544152476048,2022-10-03
ZETA.NS,Industrials,268,612.81,164233.08,0.1243508644647477,2022-10-03
ALPHA.NS,Technology,240,360.58,86539.2,0.06263239329674429,2022-11-01
BETA.NS,Technology,1422,98.12,139526.64,0.10098183703862823,2022-11-01
EPSILON.NS,Industrials,388,354.14,137406.32,0.09944726408030467,2022-11-01
GAMMA.NS,Financials,1882,73.2,137762.4,0.09970497552904818,2022-11-01
IOTA.NS,Consumer,351,387.49,136008.99,0.09843595218782888,2022-11-01
KAPPA.NS,Consumer,254,546.35,138772.9,0.1004363207856066,2022-11-01
MU.NS,Energy,156,872.86,136166.16,0.09854970333475942,2022-11-01
OMICRON.NS,Utilities,233,597.86,139301.38,0.10081880603170852,2022-11-01
SIGMA.NS,Telecom,145,942.33,136637.85,0.09889108704981735,2022-11-01
ZETA.NS,Industrials,223,625.17,139412.91,0.10089952541465158,2022-11-01
ALPHA.NS,Technology,328,363.41,119198.48000000001,0.08238073321060806,2022-12-01
BETA.NS,Technology,1205,97.65,117668.25,0.08132315706214652,2022-12-01
DELTA.NS,Financials,216,559.67,120888.71999999999,0.08354889584575152,2022-12-01
EPSILON.NS,Industrials,292,413.3,120683.6,0.08340713283001375,2022-12-01
GAMMA.NS,Financials,1498,79.67,119345.66,0.08248245259758293,2022-12-01
IOTA.NS,Consumer,291,416.51,121204.41,0.0837670762593546,2022-12-01
KAPPA.NS,Consumer,222,549.97,122093.34000000001,0.08438143564693158,2022-12-01
LAMBDA.NS,Energy,450,266.77,120046.49999999999,0.08296681878298497,2022-12-01
MU.NS,Energy,118,1035.19,122152.42000000001,0.08442226715516962,2022-12-01
OMICRON.NS,Utilities,229,525.3,120293.69999999998,0.08313766422706832,2022-12-01
SIGMA.NS,Telecom,131,917.8,120231.79999999999,0.08309488375381283,2022-12-01
ZETA.NS,Industrials,196,602.45,118080.20000000001,0.08160786491283481,2022-12-01
ALPHA.NS,Technology,382,355.05,135629.1,0.09037499207262033,2023-01-02
DELTA.NS,Financials,216,637.87,137779.92,0.09180816784721171,2023-01-02
EPSILON.NS,Industrials,318,432.82,137636.76,0.09171277472092011,2023-01-02
GAMMA.NS,Financials,1518,88.69,134631.41999999998,0.08971019873482619,2023-01-02
IOTA.NS,Consumer,326,409.21,133402.46,0.088891294456485,2023-01-02
KAPPA.NS,Consumer,246,546.06,134330.75999999998,0.08950985717747195,2023-01-02
LAMBDA.NS,Energy,470,286.23,134528.1,0.08964135256404912,2023-01-02
MU.NS,Energy,138,993.26,137069.88,0.091335040329804,2023-01-02
OMICRON.NS,Utilities,255,532.86,135879.30000000002,0.09054171015167983,2023-01-02
SIGMA.NS,Telecom,153,891.52,136402.56,0.09089037882493593,2023-01-02
ZETA.NS,Industrials,206,673.3,138699.8,0.0924211199917571,2023-01-02
ALPHA.NS,Technology,331,367.81,121745.11,0.0777577871183411,2023-02-01
DELTA.NS,Financials,177,667.79,118198.82999999999,0.0754928018117277,2023-02-01
EPSILON.NS,Industrials,290,420.3,121887.0,0.07784841131190601,2023-02-01
ETA.NS,Healthcare,524,230.23,120640.51999999999,0.077052292876535,2023-02-01
GAMMA.NS,Financials,1217,99.47,121054.99,0.07731701209217282,2023-02-01
IOTA.NS,Consumer,282,422.17,119051.94,0.0760376774602735,2023-02-01
KAPPA.NS,Consumer,204,589.14,120184.56,0.07676107427552115,2023-02-01
LAMBDA.NS,Energy,415,282.66,117303.90000000001,0.07492121600901402,2023-02-01
MU.NS,Energy,116,1011.09,117286.44,0.07491006442384492,2023-02-01
OMICRON.NS,Utilities,202,608.22,122860.44,0.07847014092628213,2023-02-01
PI.NS,Utilities,522,231.77,120983.94,0.07727163293259295,2023-02-01
RHO.NS,Realty,400,303.99,121596.0,0.0776625515590877,2023-02-01
ZETA.NS,Industrials,186,635.73,118245.78,0.075522788462569,2023-02-01
ALPHA.NS,Technology,340,396.05,134657.0,0.08231394724878863,2023-03-01
DELTA.NS,Financials,186,730.93,135952.97999999998,0.08310616175940065,2023-03-01
EPSILON.NS,Industrials,345,387.24,133597.80000000002,0.08166647305193353,2023-03-01
ETA.NS,Healthcare,607,222.58,135106.06,0.08258845136778385,2023-03-01
GAMMA.NS,Financials,1185,117.49,139225.65,0.08510669931587891,2023-03-01
IOTA.NS,Consumer,284,479.34,136132.56,0.08321593651041202,2023-03-01
MU.NS,Energy,136,989.4,134558.4,0.08225367444307685,2023-03-01
OMICRON.NS,Utilities,192,718.17,137888.63999999998,0.08428940373814361,2023-03-01
PI.NS,Utilities,551,244.06,134477.06,0.08220395243479495,2023-03-01
RHO.NS,Realty,447,308.19,137760.93,0.08421133639516744,2023-03-01
XI.NS,Materials,288,472.55,136094.4,0.08319260983428665,2023-03-01
ZETA.NS,Industrials,207,648.12,134160.84,0.08201065155627386,2023-03-01
ALPHA.NS,Technology,286,453.58,129723.87999999999,0.07659214020468844,2023-04-03
BETA.NS,Technology,1286,102.32,131583.52,0.0776901169812869,2023-04-03
DELTA.NS,Financials,184,710.77,130781.68,0.0772166911039409,2023-04-03
EPSILON.NS,Industrials,339,388.22,131606.58000000002,0.07770373216727365,2023-04-03
ETA.NS,Healthcare,497,264.2,131307.4,0.07752708900406853,2023-04-03
GAMMA.NS,Financials,1140,113.33,129196.2,0.07628058507279437,2023-04-03
IOTA.NS,Consumer,271,480.49,130212.79000000001,0.07688080458373318,2023-04-03
MU.NS,Energy,125,1032.74,129092.5,0.07621935806556003,2023-04-03
NU.NS,Materials,359,362.99,130313.41,0.07694021308390597,2023-04-03
OMICRON.NS,Utilities,202,635.21,128312.42000000001,0.07575877982251895,2023-04-03
PI.NS,Utilities,534,242.29,129382.86,0.07639079368581618,2023-04-03
XI.NS,Materials,265,477.74,126601.1,0.07474837478857232,2023-04-03
ZETA.NS,Industrials,178,730.79,130080.62,0.076802768194667,2023-04-03
ALPHA.NS,Technology,251,466.92,117196.92,0.06622478601814151,2023-05-01
BETA.NS,Technology,1103,107.21,118252.62999999999,0.06682133897232505,2023-05-01
DELTA.NS,Financials,164,711.5,116686.0,0.06593607904809154,2023-05-01
EPSILON.NS,Industrials,285,415.56,118434.6,0.06692416526086337,2023-05-01
ETA.NS,Healthcare,431,277.13,119443.03,0.06749400157536954,2023-05-01
GAMMA.NS,Financials,1091,108.41,118275.31,0.06683415482232258,2023-05-01
IOTA.NS,Consumer,228,517.99,118101.72,0.06673606384343944,2023-05-01
LAMBDA.NS,Energy,429,271.72,116567.88,0.06586933265471821,2023-05-01
MU.NS,Energy,117,997.2,116672.40000000001,0.06592839405867505,2023-05-01
NU.NS,Materials,303,392.02,118782.06,0.06712050543899999,2023-05-01
OMICRON.NS,Utilities,177,671.99,118942.23,0.06721101314156185,2023-05-01
PI.NS,Utilities,468,251.16,117542.88,0.06642027858715133,2023-05-01
RHO.NS,Realty,403,288.54,116281.62000000001,0.06570757492895586,2023-05-01
XI.NS,Materials,249,466.81,116235.69,0.06568162113749262,2023-05-01
ZETA.NS,Industrials,144,810.27,116678.88,0.06593205573010291,2023-05-01
ALPHA.NS,Technology,281,434.64,122133.84,0.06610383179241582,2023-06-01
BETA.NS,Technology,1114,110.23,122796.22,0.06646233895228781,2023-06-01
DELTA.NS,Financials,165,752.77,124207.05,0.06722593787792296,2023-06-01
EPSILON.NS,Industrials,276,446.09,123120.84,0.06663803657938652,2023-06-01
ETA.NS,Healthcare,429,283.55,121642.95000000001,0.06583814203772884,2023-06-01
GAMMA.NS,Financials,1108,112.41,124550.28,0.0674117079985227,2023-06-01
IOTA.NS,Consumer,234,532.04,124497.35999999999,0.06738306552909362,2023-06-01
KAPPA.NS,Consumer,224,529.48,118603.52,0.06419307815154608,2023-06-01
MU.NS,Energy,110,1094.39,120382.90000000001,0.06515615141784795,2023-06-01
NU.NS,Materials,302,405.84,122563.68,0.06633647878900294,2023-06-01
OMICRON.NS,Utilities,180,694.3,124973.99999999999,0.06764104260068604,2023-06-01
PI.NS,Utilities,486,253.06,122987.16,0.06656568349334575,2023-06-01
SIGMA.NS,Telecom,133,927.2,123317.6,0.06674453114259256,2023-06-01
XI.NS,Materials,236,513.55,121197.79999999999,0.0655972086426731,2023-06-01
ZETA.NS,Industrials,140,878.85,123039.0,0.06659374142258238,2023-06-01
ALPHA.NS,Technology,315,414.83,130671.45,0.06819728363368086,2023-07-03
BETA.NS,Technology,1105,115.16,127251.8,0.06641257212265135,2023-07-03
DELTA.NS,Financials,163,764.89,124677.06999999999,0.06506882341480318,2023-07-03
EPSILON.NS,Industrials,278,460.02,127885.56,0.06674333075795907,2023-07-03
ETA.NS,Healthcare,439,299.41,131440.99000000002,0.06859890569915472,2023-07-03
GAMMA.NS,Financials,1098,115.65,126983.70000000001,0.06627265103245002,2023-07-03
IOTA.NS,Consumer,231,544.94,125881.14000000001,0.06569722620137061,2023-07-03
LAMBDA.NS,Energy,420,307.58,129183.59999999999,0.06742077638244601,2023-07-03
MU.NS,Energy,113,1091.93,123388.09000000001,0.06439610619418505,2023-07-03
NU.NS,Materials,289,436.32,126096.48,0.06580961190656999,2023-07-03
OMICRON.NS,Utilities,190,662.17,125812.29999999999,0.06566129868234986,2023-07-03
PI.NS,Utilities,492,263.58,129681.35999999999,0.06768055676983362,2023-07-03
SIGMA.NS,Telecom,137,931.42,127604.54,0.06659666673420532,2023-07-03
XI.NS,Materials,211,603.98,127439.78,0.06651067867444564,2023-07-03
ZETA.NS,Industrials,147,850.2,124979.40000000001,0.06522660910372735,2023-07-03
ALPHA.NS,Technology,297,440.42,130804.74,0.0662629114778111,2023-08-01
BETA.NS,Technology,970,133.07,129077.9,0.06538813089985693,2023-08-01
DELTA.NS,Financials,169,785.4,132732.6,0.06723952453114244,2023-08-01
ETA.NS,Healthcare,418,307.28,128443.04,0.06506652426709421,2023-08-01
GAMMA.NS,Financials,1191,110.38,131462.58,0.06659615929196953,2023-08-01
IOTA.NS,Consumer,251,529.25,132841.75,0.06729481760987799,2023-08-01
LAMBDA.NS,Energy,461,287.8,132675.80000000002,0.06721075085388932,2023-08-01
MU.NS,Energy,118,1092.46,128910.28,0.06530321815723071,2023-08-01
NU.NS,Materials,287,457.59,131328.33,0.06652815108472951,2023-08-01
OMICRON.NS,Utilities,169,774.07,130817.83,0.06626954259462876,2023-08-01
PI.NS,Utilities,492,269.62,132653.04,0.06719922111983506,2023-08-01
SIGMA.NS,Telecom,140,946.09,132452.6,0.0670976824601763,2023-08-01
THETA.NS,Healthcare,266,485.96,129265.36,0.06548309416636877,2023-08-01
XI.NS,Materials,202,648.34,130964.68000000001,0.06634393369506225,2023-08-01
ZETA.NS,Industrials,161,819.74,131978.14,0.06685733107092419,2023-08-01
ALPHA.NS,Technology,387,433.79,167876.73,0.08286365088745902,2023-09-01
BETA.NS,Technology,1130,147.97,167206.1,0.08253262913003821,2023-09-01
DELTA.NS,Financials,229,731.38,167486.02,0.08267079713674419,2023-09-01
ETA.NS,Healthcare,482,347.39,167441.97999999998,0.08264905907224243,2023-09-01
IOTA.NS,Consumer,318,527.39,167710.02,0.08278136313239344,2023-09-01
NU.NS,Materials,339,494.56,167655.84,0.08275461998219578,2023-09-01
OMICRON.NS,Utilities,185,919.29,170068.65,0.08394557864274255,2023-09-01
PI.NS,Utilities,625,270.08,168800.0,0.08331937529282993,2023-09-01
SIGMA.NS,Telecom,178,957.19,170379.82,0.08409917159303798,2023-09-01
THETA.NS,Healthcare,328,519.47,170386.16,0.08410230100559342,2023-09-01
XI.NS,Materials,242,687.42,166355.63999999998,0.08211284360923525,2023-09-01
ZETA.NS,Industrials,220,757.84,166724.80000000002,0.0822950603188508,2023-09-01
ALPHA.NS,Technology,466,442.76,206326.16,0.09887864942067212,2023-10-02
BETA.NS,Technology,1341,158.26,212226.65999999997,0.10170637359731881,2023-10-02
ETA.NS,Healthcare,623,326.65,203502.94999999998,0.09752566930496145,2023-10-02
IOTA.NS,Consumer,394,528.17,208098.97999999998,0.09972824623023788,2023-10-02
NU.NS,Materials,386,543.85,209926.1,0.10060386548244274,2023-10-02
OMICRON.NS,Utilities,221,943.97,208617.37,0.09997667669137371,2023-10-02
PI.NS,Utilities,823,255.06,209914.38,0.10059824885209781,2023-10-02
THETA.NS,Healthcare,425,501.9,213307.5,0.1022243495991978,2023-10-02
XI.NS,Materials,264,774.41,204444.24,0.09797676810849265,2023-10-02
ZETA.NS,Industrials,236,866.83,204571.88,0.09803793762190799,2023-10-02
ALPHA.NS,Technology,446,478.88,213580.48,0.10026250747228775,2023-11-01
BETA.NS,Technology,1415,149.13,211018.94999999998,0.09906003138100127,2023-11-01
EPSILON.NS,Industrials,484,443.03,214426.52,0.10065966966530207,2023-11-01
ETA.NS,Healthcare,644,328.15,211328.59999999998,0.09920539244320505,2023-11-01
NU.NS,Materials,395,531.75,210041.25,0.09860106315714647,2023-11-01
OMICRON.NS,Utilities,231,913.13,210933.03,0.09901969738305343,2023-11-01
SIGMA.NS,Telecom,233,904.49,210746.17,0.09893197844850346,2023-11-01
THETA.NS,Healthcare,385,558.64,215076.4,0.10096474716281538,2023-11-01
XI.NS,Materials,253,839.31,212345.43,0.09968272972362059,2023-11-01
ZETA.NS,Industrials,238,901.55,214568.9,0.1007265080571528,2023-11-01
ALPHA.NS,Technology,387,473.64,183298.68,0.08230613846924432,2023-12-01
BETA.NS,Technology,1223,149.17,182434.90999999997,0.08191828203064051,2023-12-01
EPSILON.NS,Industrials,396,471.62,186761.52,0.08386104867665464,2023-12-01
ETA.NS,Healthcare,564,326.91,184377.24000000002,0.08279044151336548,2023-12-01
MU.NS,Energy,93,1271.24,118225.32,0.053086413707347596,2023-12-01
NU.NS,Materials,330,559.01,184473.3,0.0828335750900031,2023-12-01
OMICRON.NS,Utilities,183,1022.93,187196.19,0.08405622743739873,2023-12-01
PI.NS,Utilities,697,265.07,184753.79,0.08295952279884224,2023-12-01
SIGMA.NS,Telecom,198,927.0,183546.0,0.08241719193763926,2023-12-01
THETA.NS,Healthcare,341,542.76,185081.16,0.0831065209144352,2023-12-01
XI.NS,Materials,215,870.24,187101.6,0.08401375393110941,2023-12-01
ZETA.NS,Industrials,185,1008.26,186528.1,0.08375623668978442,2023-12-01
ALPHA.NS,Technology,322,461.62,148641.64,0.06538494187554593,2024-01-01
BETA.NS,Technology,1070,138.91,148633.69999999998,0.06538144920391976,2024-01-01
DELTA.NS,Financials,193,791.36,152732.48,0.06718443315956403,2024-01-01
EPSILON.NS,Industrials,314,472.79,148456.06,0.06530330837423859,2024-01-01
ETA.NS,Healthcare,438,354.35,155205.30000000002,0.06827218482840117,2024-01-01
IOTA.NS,Consumer,286,522.3,149377.8,0.06570876620102498,2024-01-01
KAPPA.NS,Consumer,247,617.3,152473.09999999998,0.06707033628722274,2024-01-01
MU.NS,Energy,119,1255.7,149428.30000000002,0.0657309802963802,2024-01-01
NU.NS,Materials,299,512.06,153105.93999999997,0.06734871189325427,2024-01-01
OMICRON.NS,Utilities,149,1024.51,152651.99,0.06714902697074936,2024-01-01
PI.NS,Utilities,490,305.99,149935.1,0.06595391303946972,2024-01-01
SIGMA.NS,Telecom,156,962.03,150076.68,0.06601619168541806,2024-01-01
THETA.NS,Healthcare,283,544.73,154158.59,0.06781175481356445,2024-01-01
XI.NS,Materials,166,907.29,150610.13999999998,0.06625085171132283,2024-01-01
ZETA.NS,Industrials,148,1012.95,149916.6,0.06594577520255743,2024-01-01
ALPHA.NS,Technology,327,468.72,153271.44,0.06595094848061786,2024-02-01
BETA.NS,Technology,1040,149.64,155625.59999999998,0.06696391661659369,2024-02-01
EPSILON.NS,Industrials,336,451.31,151640.16,0.06524902734490294,2024-02-01
ETA.NS,Healthcare,427,360.61,153980.47,0.06625603598420765,2024-02-01
IOTA.NS,Consumer,288,531.3,153014.4,0.06584034710701911,2024-02-01
KAPPA.NS,Consumer,258,600.43,154910.93999999997,0.0666564065883643,2024-02-01
MU.NS,Energy,130,1159.75,150767.5,0.06487353172288036,2024-02-01
NU.NS,Materials,302,503.52,152063.04,0.06543098777467043,2024-02-01
OMICRON.NS,Utilities,151,1012.42,152875.41999999998,0.06578054560179519,2024-02-01
PI.NS,Utilities,509,306.78,156151.02,0.06718999883615584,2024-02-01
RHO.NS,Realty,517,308.53,159510.00999999998,0.06863533383422794,2024-02-01
SIGMA.NS,Telecom,140,1108.4,155176.0,0.06677045887628091,2024-02-01
THETA.NS,Healthcare,274,566.43,155201.81999999998,0.0667815689271147,2024-02-01
XI.NS,Materials,158,988.35,156159.30000000002,0.06719356162550147,2024-02-01
ZETA.NS,Industrials,151,1036.77,156552.27,0.06736265212419076,2024-02-01
ALPHA.NS,Technology,367,488.49,179275.83000000002,0.07535348238007605,2024-03-01
BETA.NS,Technology,1125,161.56,181755.0,0.07639553078622323,2024-03-01
ETA.NS,Healthcare,474,384.28,182148.72,0.07656101975973785,2024-03-01
IOTA.NS,Consumer,331,544.66,180282.46,0.07577659059253422,2024-03-01
KAPPA.NS,Consumer,310,586.69,181873.90000000002,0.07644550701031876,2024-03-01
MU.NS,Energy,161,1101.16,177286.76,0.07451743353178603,2024-03-01
OMICRON.NS,Utilities,184,990.84,182314.56,0.07663072587415334,2024-03-01
PI.NS,Utilities,608,306.66,186449.28000000003,0.07836863750823447,2024-03-01
RHO.NS,Realty,579,314.68,182199.72,0.07658245615527084,2024-03-01
SIGMA.NS,Telecom,177,1032.27,182711.79,0.07679769017606643,2024-03-01
THETA.NS,Healthcare,306,608.21,186112.26,0.07822698076269474,2024-03-01
XI.NS,Materials,158,1180.59,186533.22,0.07840391929335286,2024-03-01
ZETA.NS,Industrials,181,1003.84,181695.04,0.07637032831022014,2024-03-01
ALPHA.NS,Technology,316,523.53,165435.47999999998,0.06720463957297515,2024-04-01
BETA.NS,Technology,1053,155.3,163530.90000000002,0.06643094452014915,2024-04-01
EPSILON.NS,Industrials,352,461.84,162567.68,0.06603965691407165,2024-04-01
ETA.NS,Healthcare,393,410.95,161503.35,0.06560729552438242,2024-04-01
GAMMA.NS,Financials,1542,107.53,165811.26,0.06735729219294963,2024-04-01
IOTA.NS,Consumer,307,526.25,161558.75,0.06562980059422803,2024-04-01
KAPPA.NS,Consumer,281,571.63,160628.03,0.06525171542082171,2024-04-01
NU.NS,Materials,304,527.12,160244.48,0.0650959064038671,2024-04-01
OMICRON.NS,Utilities,162,1018.29,164962.97999999998,0.0670126965133713,2024-04-01
PI.NS,Utilities,496,323.03,160222.87999999998,0.06508713186399948,2024-04-01
RHO.NS,Realty,513,322.18,165278.34,0.06714080479543834,2024-04-01
SIGMA.NS,Telecom,146,1152.57,168275.22,0.06835822345462474,2024-04-01
THETA.NS,Healthcare,276,588.97,162555.72,0.06603479841884867,2024-04-01
XI.NS,Materials,137,1208.36,165545.31999999998,0.06724925973311671,2024-04-01
ZETA.NS,Industrials,143,1162.42,166226.06,0.06752579585670343,2024-04-01
ALPHA.NS,Technology,330,524.12,172959.6,0.07003673325458805,2024-05-01
BETA.NS,Technology,1145,151.56,173536.2,0.07027021656742294,2024-05-01
DELTA.NS,Financials,232,764.59,177384.88,0.07182866706419945,2024-05-01
EPSILON.NS,Industrials,379,472.01,178891.79,0.07243886189414049,2024-05-01
ETA.NS,Healthcare,418,412.02,172224.36,0.0697390116608858,2024-05-01
KAPPA.NS,Consumer,299,598.21,178864.79,0.07242792875254053,2024-05-01
MU.NS,Energy,151,1140.92,172278.92,0.06976110470554114,2024-05-01
NU.NS,Materials,325,554.24,180128.0,0.0729394418562626,2024-05-01
OMICRON.NS,Utilities,166,1051.24,174505.84,0.07066285402745971,2024-05-01
PI.NS,Utilities,547,322.12,176199.64,0.07134872644383107,2024-05-01
RHO.NS,Realty,542,330.03,178876.25999999998,0.07243257331306464,2024-05-01
SIGMA.NS,Telecom,150,1161.52,174228.0,0.07055034795108434,2024-05-01
XI.NS,Materials,137,1277.49,175016.13,0.07086948635438742,2024-05-01
ZETA.NS,Industrials,141,1240.36,174890.75999999998,0.07081872013355822,2024-05-01
ALPHA.NS,Technology,389,496.29,193056.81,0.0745606659436132,2024-06-03
BETA.NS,Technology,1282,156.98,201248.36,0.07772433275811408,2024-06-03
DELTA.NS,Financials,251,797.33,200129.83000000002,0.07729234415497749,2024-06-03
EPSILON.NS,Industrials,398,502.36,199939.28,0.0772187516466606,2024-06-03
ETA.NS,Healthcare,457,430.34,196665.37999999998,0.07595433541481258,2024-06-03
KAPPA.NS,Consumer,346,568.16,196583.36,0.07592265838761685,2024-06-03
MU.NS,Energy,155,1311.24,203242.2,0.07849437572207384,2024-06-03
OMICRON.NS,Utilities,186,1048.11,194948.46,0.07529124200426723,2024-06-03
PI.NS,Utilities,591,349.27,206418.56999999998,0.07972112479393156,2024-06-03
RHO.NS,Realty,581,333.48,193751.88,0.07482910963165211,2024-06-03
SIGMA.NS,Telecom,139,1426.79,198323.81,0.07659483934327213,2024-06-03
XI.NS,Materials,149,1303.54,194227.46,0.07501278386468985,2024-06-03
ZETA.NS,Industrials,154,1304.78,200936.12,0.07760374223175952,2024-06-03
DELTA.NS,Financials,281,743.88,209030.28,0.08303727739352292,2024-07-01
EPSILON.NS,Industrials,377,540.56,203791.11999999997,0.08095602111702054,2024-07-01
ETA.NS,Healthcare,527,390.7,205898.9,0.08179333670854402,2024-07-01
KAPPA.NS,Consumer,359,578.92,207832.28,0.08256137190118257,2024-07-01
LAMBDA.NS,Energy,911,234.94,214030.34,0.08502355119655403,2024-07-01
MU.NS,Energy,177,1183.5,209479.5,0.08321573003565075,2024-07-01
OMICRON.NS,Utilities,199,1080.23,214965.77,0.08539515075807316,2024-07-01
PI.NS,Utilities,659,323.59,213245.81,0.08471189665907009,2024-07-01
RHO.NS,Realty,685,304.75,208753.75,0.08292742585279098,2024-07-01
SIGMA.NS,Telecom,158,1322.72,208989.76,0.083021180823782,2024-07-01
XI.NS,Materials,142,1471.31,208926.02,0.08299586010918952,2024-07-01
ZETA.NS,Industrials,171,1194.78,204307.38,0.08116110539871974,2024-07-01
EPSILON.NS,Industrials,447,532.02,237812.94,0.0910489783069815,2024-08-01
GAMMA.NS,Financials,2364,101.79,240631.56000000003,0.09212811416576036,2024-08-01
IOTA.NS,Consumer,422,573.79,242139.37999999998,0.09270539759899502,2024-08-01
KAPPA.NS,Consumer,391,599.72,234490.52000000002,0.08977695775794543,2024-08-01
LAMBDA.NS,Energy,991,239.83,237671.53,0.09099483812427155,2024-08-01
OMICRON.NS,Utilities,185,1282.55,237271.75,0.09084177849451563,2024-08-01
PI.NS,Utilities,687,346.57,238093.59,0.09115642786696697,2024-08-01
RHO.NS,Realty,763,308.1,235080.30000000002,0.09000276072066854,2024-08-01
SIGMA.NS,Telecom,187,1258.08,235260.96,0.09007192814453091,2024-08-01
XI.NS,Materials,151,1537.6,232177.59999999998,0.08889143402275344,2024-08-01
ZETA.NS,Industrials,176,1322.83,232818.08,0.08913664796958938,2024-08-01
ETA.NS,Healthcare,735,410.24,301526.4,0.11311933137154853,2024-09-02
GAMMA.NS,Financials,2518,118.26,297778.68,0.11171335305400226,2024-09-02
IOTA.NS,Consumer,508,575.59,292399.72000000003,0.10969540584051017,2024-09-02
KAPPA.NS,Consumer,489,599.79,293297.31,0.11003214179678393,2024-09-02
LAMBDA.NS,Energy,1114,264.68,294853.52,0.11061596276461202,2024-09-02
OMICRON.NS,Utilities,238,1226.24,291845.12,0.10948734451925052,2024-09-02
PI.NS,Utilities,785,370.82,291093.7,0.10920544506374942,2024-09-02
XI.NS,Materials,177,1667.5,295147.5,0.11072625102141676,2024-09-02
ZETA.NS,Industrials,241,1251.97,301724.77,0.11319375099704126,2024-09-02
EPSILON.NS,Industrials,517,494.31,255558.27,0.09194079031038989,2024-10-01
ETA.NS,Healthcare,593,428.18,253910.74,0.09134806752251033,2024-10-01
GAMMA.NS,Financials,1955,127.93,250103.15000000002,0.08997823185341641,2024-10-01
IOTA.NS,Consumer,442,585.22,258667.24000000002,0.09305928731246811,2024-10-01
KAPPA.NS,Consumer,421,587.17,247198.56999999998,0.08893326711516022,2024-10-01
LAMBDA.NS,Energy,919,266.59,244996.20999999996,0.08814093619607867,2024-10-01
OMICRON.NS,Utilities,196,1261.17,247189.32,0.0889299392936408,2024-10-01
PI.NS,Utilities,627,405.61,254317.47,0.09149439453295279,2024-10-01
SIGMA.NS,Telecom,159,1227.82,195223.37999999998,0.07023443946566692,2024-10-01
XI.NS,Materials,144,1761.78,253696.32,0.0912709268208678,2024-10-01
ZETA.NS,Industrials,202,1247.37,251968.74,0.09064940488567695,2024-10-01
ALPHA.NS,Technology,407,491.68,200113.76,0.0711555037490953,2024-11-01
DELTA.NS,Financials,269,738.91,198766.78999999998,0.07067655453098595,2024-11-01
EPSILON.NS,Industrials,366,547.34,200326.44,0.07123112749699428,2024-11-01
ETA.NS,Healthcare,476,433.2,206203.19999999998,0.07332075800622329,2024-11-01
GAMMA.NS,Financials,1854,109.29,202623.66,0.07204796211307714,2024-11-01
IOTA.NS,Consumer,341,577.73,197005.93,0.07005043626539727,2024-11-01
KAPPA.NS,Consumer,321,622.48,199816.08000000002,0.07104965610345598,2024-11-01
LAMBDA.NS,Energy,833,235.01,195763.33,0.06960859843796038,2024-11-01
NU.NS,Materials,377,534.8,201619.59999999998,0.07169094320995764,2024-11-01
OMICRON.NS,Utilities,150,1342.05,201307.5,0.0715799681689605,2024-11-01
PI.NS,Utilities,508,397.33,201843.63999999998,0.0717706062928958,2024-11-01
RHO.NS,Realty,615,323.39,198884.85,0.07071853374707095,2024-11-01
XI.NS,Materials,105,1910.3,200581.5,0.07132182052473132,2024-11-01
ZETA.NS,Industrials,151,1331.56,201065.56,0.07149394028873349,2024-11-01
ALPHA.NS,Technology,403,555.51,223870.53,0.07709119493450702,2024-12-02
EPSILON.NS,Industrials,398,559.02,222489.96,0.07661578715756232,2024-12-02
ETA.NS,Healthcare,486,475.65,231165.9,0.07960340049720147,2024-12-02
GAMMA.NS,Financials,1990,112.42,223715.80000000002,0.0770379127066398,2024-12-02
KAPPA.NS,Consumer,362,616.77,223270.74,0.07688465355628377,2024-12-02
LAMBDA.NS,Energy,853,261.94,223434.82,0.0769411555142005,2024-12-02
NU.NS,Materials,420,532.13,223494.6,0.07696174112514796,2024-12-02
OMICRON.NS,Utilities,162,1353.41,219252.42,0.07550092033141836,2024-12-02
PI.NS,Utilities,510,429.08,218830.8,0.07535573288933615,2024-12-02
RHO.NS,Realty,655,343.05,224697.75,0.0773760532330679,2024-12-02
SIGMA.NS,Telecom,174,1260.31,219293.94,0.07551521799897505,2024-12-02
XI.NS,Materials,126,1757.89,221494.14,0.076272870411264,2024-12-02
ZETA.NS,Industrials,160,1373.8,219808.0,0.07569223772402789,2024-12-02
ALPHA.NS,Technology,447,527.63,235850.61,0.08152068546396729,2025-01-01
DELTA.NS,Financials,298,799.68,238304.63999999998,0.0823689097180794,2025-01-01
ETA.NS,Healthcare,541,442.01,239127.41,0.08265329640836268,2025-01-01
GAMMA.NS,Financials,2168,110.41,239368.88,0.08273675941029845,2025-01-01
KAPPA.NS,Consumer,379,643.81,244003.99,0.08433886399845657,2025-01-01
LAMBDA.NS,Energy,887,269.31,238877.97,0.08256707861235134,2025-01-01
MU.NS,Energy,192,1248.88,239784.96000000002,0.08288057556073304,2025-01-01
OMICRON.NS,Utilities,177,1344.24,237930.48,0.0822395830240624,2025-01-01
PI.NS,Utilities,617,401.16,247515.72,0.08555267742367678,2025-01-01
RHO.NS,Realty,614,395.68,242947.52000000002,0.08397369997122714,2025-01-01
XI.NS,Materials,135,1762.09,237882.15,0.08222287798043977,2025-01-01
ZETA.NS,Industrials,165,1461.44,241137.6,0.08334810939490875,2025-01-01
ALPHA.NS,Technology,434,528.95,229564.30000000002,0.07722360595348078,2025-02-03
BETA.NS,Technology,1607,143.67,230877.68999999997,0.07766541991071733,2025-02-03
DELTA.NS,Financials,276,832.96,229896.96000000002,0.07733551013351436,2025-02-03
ETA.NS,Healthcare,504,458.69,231179.76,0.07776703385787885,2025-02-03
GAMMA.NS,Financials,1778,127.2,226161.6,0.07607896471798418,2025-02-03
KAPPA.NS,Consumer,324,708.98,229709.52000000002,0.07727245680727889,2025-02-03
LAMBDA.NS,Energy,846,273.31,231220.26,0.0777806577359867,2025-02-03
MU.NS,Energy,182,1235.68,224893.76,0.07565247341871831,2025-02-03
OMICRON.NS,Utilities,162,1362.42,220712.04,0.07424577604683692,2025-02-03
PI.NS,Utilities,567,396.18,224634.06,0.07556511240280199,2025-02-03
RHO.NS,Realty,562,404.62,227396.44,0.07649435507953255,2025-02-03
SIGMA.NS,Telecom,175,1284.08,224714.0,0.07559200358344254,2025-02-03
XI.NS,Materials,130,1789.18,232593.4,0.078242571118333,2025-02-03
ALPHA.NS,Technology,400,498.06,199224.0,0.06601258185511806,2025-03-03
BETA.NS,Technology,1367,146.44,200183.48,0.06633050415382881,2025-03-03
DELTA.NS,Financials,220,926.56,203843.19999999998,0.0675431470385556,2025-03-03
ETA.NS,Healthcare,449,441.4,198188.59999999998,0.06566950357512776,2025-03-03
GAMMA.NS,Financials,1646,120.89,198984.94,0.06593336967275909,2025-03-03
IOTA.NS,Consumer,366,544.59,199319.94,0.0660443714342008,2025-03-03
KAPPA.NS,Consumer,278,727.06,202122.68,0.06697305524573262,2025-03-03
LAMBDA.NS,Energy,781,255.17,199287.77,0.06603371195161699,2025-03-03
MU.NS,Energy,151,1312.14,198133.14,0.06565112698500968,2025-03-03
NU.NS,Materials,378,531.98,201088.44,0.06663036133005058,2025-03-03
OMICRON.NS,Utilities,140,1453.97,203555.80000000002,0.06744791746769488,2025-03-03
PI.NS,Utilities,516,390.82,201663.12,0.06682078070994708,2025-03-03
RHO.NS,Realty,481,417.17,200658.77000000002,0.06648799080217399,2025-03-03
THETA.NS,Healthcare,434,466.57,202491.38,0.06709522345302683,2025-03-03
XI.NS,Materials,103,1934.73,199277.19,0.06603020628404668,2025-03-03
BETA.NS,Technology,1842,141.24,260164.08000000002,0.08399797462215394,2025-04-01
DELTA.NS,Financials,257,996.89,256200.73,0.08271834611725536,2025-04-01
ETA.NS,Healthcare,606,430.34,260786.03999999998,0.08419878397406752,2025-04-01
IOTA.NS,Consumer,470,544.97,256135.90000000002,0.08269741475465238,2025-04-01
KAPPA.NS,Consumer,330,787.19,259772.7,0.08387161156962333,2025-04-01
MU.NS,Energy,199,1306.95,260083.05000000002,0.08397181284039056,2025-04-01
NU.NS,Materials,466,556.37,259268.42,0.08370879701566007,2025-04-01
OMICRON.NS,Utilities,168,1509.41,253580.88,0.08187248725075139,2025-04-01
PI.NS,Utilities,648,386.99,250769.52000000002,0.08096479643527164,2025-04-01
RHO.NS,Realty,517,500.81,258918.77,0.08359590713544818,2025-04-01
THETA.NS,Healthcare,592,441.14,261154.88,0.08431786964092683,2025-04-01
XI.NS,Materials,114,2191.13,249788.82,0.0806481623568395,2025-04-01
ALPHA.NS,Technology,521,503.23,262182.83,0.08310650178314771,2025-05-01
BETA.NS,Technology,1833,142.54,261275.81999999998,0.08281899848561165,2025-05-01
DELTA.NS,Financials,261,985.37,257181.57,0.08152120642605667,2025-05-01
ETA.NS,Healthcare,556,483.73,268953.88,0.0852527837456194,2025-05-01
KAPPA.NS,Consumer,357,734.23,262120.11000000002,0.08308662084818397,2025-05-01
MU.NS,Energy,200,1301.91,260382.00000000003,0.08253567614362682,2025-05-01
NU.NS,Materials,440,591.91,260440.4,0.08255418772847825,2025-05-01
OMICRON.NS,Utilities,170,1583.56,269205.2,0.08533244695631913,2025-05-01
PI.NS,Utilities,615,425.46,261657.9,0.08294010989554382,2025-05-01
RHO.NS,Realty,491,530.41,260431.31,0.08255130638761696,2025-05-01
SIGMA.NS,Telecom,190,1388.32,263780.8,0.08361302502364525,2025-05-01
XI.NS,Materials,129,1982.94,255799.26,0.08108304291824855,2025-05-01
BETA.NS,Technology,1888,137.19,259014.72,0.08243756303028908,2025-06-02
DELTA.NS,Financials,281,921.57,258961.17,0.082420519475775,2025-06-02
EPSILON.NS,Industrials,479,538.11,257754.69,0.08203652866998302,2025-06-02
ETA.NS,Healthcare,552,470.14,259517.28,0.08259751464105662,2025-06-02
IOTA.NS,Consumer,477,553.39,263967.02999999997,0.08401375286139416,2025-06-02
KAPPA.NS,Consumer,382,674.98,257842.36000000002,0.08206443172178975,2025-06-02
MU.NS,Energy,185,1441.34,266647.89999999997,0.08486700316933422,2025-06-02
NU.NS,Materials,416,625.95,260395.2,0.08287693345298959,2025-06-02
OMICRON.NS,Utilities,167,1555.42,259755.14,0.0826732192139179,2025-06-02
RHO.NS,Realty,496,537.56,266629.75999999995,0.08486122968513468,2025-06-02
SIGMA.NS,Telecom,166,1571.38,260849.08000000002,0.08302139150196916,2025-06-02
ZETA.NS,Industrials,198,1314.44,260259.12000000002,0.08283362277328321,2025-06-02
BETA.NS,Technology,1924,139.0,267436.0,0.08346647151706517,2025-07-01
DELTA.NS,Financials,256,1009.22,258360.32,0.0806339621083917,2025-07-01
ETA.NS,Healthcare,591,445.55,263320.05,0.08218188820202656,2025-07-01
GAMMA.NS,Financials,2308,115.39,266320.12,0.08311820663785495,2025-07-01
LAMBDA.NS,Energy,987,273.82,270260.33999999997,0.08434794481970394,2025-07-01
MU.NS,Energy,186,1410.94,262434.84,0.08190561516753748,2025-07-01
NU.NS,Materials,433,610.01,264134.33,0.08243602406416523,2025-07-01
OMICRON.NS,Utilities,161,1675.74,269794.14,0.08420244432978766,2025-07-01
PI.NS,Utilities,585,464.49,271726.65,0.08480557850346451,2025-07-01
RHO.NS,Realty,477,567.56,270726.12,0.0844933142280978,2025-07-01
SIGMA.NS,Telecom,157,1686.96,264852.72000000003,0.08266023276633376,2025-07-01
ZETA.NS,Industrials,196,1350.52,264701.92,0.08261316825779798,2025-07-01
BETA.NS,Technology,1753,161.76,283565.27999999997,0.08477856199194139,2025-08-01
DELTA.NS,Financials,243,1125.71,273547.53,0.08178351817206767,2025-08-01
ETA.NS,Healthcare,577,471.37,271980.49,0.081315014419479,2025-08-01
IOTA.NS,Consumer,512,539.81,276382.72,0.082631165426957,2025-08-01
KAPPA.NS,Consumer,376,728.18,273795.68,0.08185770849663171,2025-08-01
LAMBDA.NS,Energy,1087,252.78,274771.86,0.08214956064667382,2025-08-01
NU.NS,Materials,432,643.21,277866.72000000003,0.08307484240319346,2025-08-01
OMICRON.NS,Utilities,141,1942.2,273850.2,0.08187400854295544,2025-08-01
PI.NS,Utilities,560,505.35,282996.0,0.08460836224191992,2025-08-01
RHO.NS,Realty,519,547.23,284012.37,0.08491223014511226,2025-08-01
SIGMA.NS,Telecom,150,1870.55,280582.5,0.08388678920812837,2025-08-01
ZETA.NS,Industrials,212,1321.94,280251.28,0.083787763138001,2025-08-01
ALPHA.NS,Technology,451,536.34,241889.34000000003,0.07149495507556018,2025-09-01
BETA.NS,Technology,1436,166.47,239050.92,0.0706560065283213,2025-09-01
DELTA.NS,Financials,238,970.85,231062.30000000002,0.06829481926799919,2025-09-01
ETA.NS,Healthcare,505,475.96,240359.8,0.07104287069025293,2025-09-01
GAMMA.NS,Financials,2045,121.04,247526.80000000002,0.07316121266855814,2025-09-01
IOTA.NS,Consumer,417,591.22,246538.74000000002,0.0728691729064423,2025-09-01
KAPPA.NS,Consumer,307,787.56,241780.91999999998,0.07146290950038396,2025-09-01
LAMBDA.NS,Energy,914,256.86,234770.04,0.069390711731602,2025-09-01
NU.NS,Materials,374,650.92,243444.08,0.07195448779599413,2025-09-01
OMICRON.NS,Utilities,133,1832.27,243691.91,0.0720277386251393,2025-09-01
PI.NS,Utilities,496,486.85,241477.6,0.07137325755551728,2025-09-01
RHO.NS,Realty,429,563.57,241771.53000000003,0.07146013410884271,2025-09-01
SIGMA.NS,Telecom,123,1948.6,239677.8,0.07084129273166438,2025-09-01
XI.NS,Materials,133,1792.9,238455.7,0.07048007803490329,2025-09-01
ALPHA.NS,Technology,450,571.18,257030.99999999997,0.07645706067820641,2025-10-01
BETA.NS,Technology,1659,153.89,255303.50999999998,0.07594319733973365,2025-10-01
EPSILON.NS,Industrials,483,534.41,258120.03,0.07678100616645643,2025-10-01
ETA.NS,Healthcare,517,507.52,262387.83999999997,0.07805051921403845,2025-10-01
GAMMA.NS,Financials,2162,117.31,253624.22,0.07544367168941792,2025-10-01
IOTA.NS,Consumer,425,618.17,262722.25,0.07814999361853207,2025-10-01
NU.NS,Materials,393,646.01,253881.93,0.07552033072707244,2025-10-01
OMICRON.NS,Utilities,146,1752.59,255878.13999999998,0.0761141281643327,2025-10-01
PI.NS,Utilities,540,479.86,259124.4,0.07707976848708456,2025-10-01
RHO.NS,Realty,517,502.26,259668.41999999998,0.07724159398731667,2025-10-01
SIGMA.NS,Telecom,130,1951.23,253659.9,0.07545428514820303,2025-10-01
XI.NS,Materials,136,1865.38,253691.68000000002,0.07546373850358956,2025-10-01
ZETA.NS,Industrials,182,1462.64,266200.48000000004,0.07918463629650774,2025-10-01
ALPHA.NS,Technology,458,581.4,266281.2,0.07662651414806708,2025-11-03
BETA.NS,Technology,1678,159.86,268245.08,0.07719165084793589,2025-11-03
EPSILON.NS,Industrials,509,519.91,264634.19,0.07615256166825622,2025-11-03
ETA.NS,Healthcare,476,576.6,274461.60000000003,0.07898055016839765,2025-11-03
GAMMA.NS,Financials,2149,124.09,266669.41000000003,0.07673822755125673,2025-11-03
IOTA.NS,Consumer,406,653.88,265475.27999999997,0.07639459826259633,2025-11-03
KAPPA.NS,Consumer,349,765.23,267065.27,0.07685214235970228,2025-11-03
NU.NS,Materials,363,734.47,266612.61,0.07672188247693824,2025-11-03
PI.NS,Utilities,544,480.63,261462.72,0.0752399223575382,2025-11-03
RHO.NS,Realty,501,539.55,270314.55,0.07778717269564424,2025-11-03
SIGMA.NS,Telecom,139,1916.81,266436.58999999997,0.07667123001247457,2025-11-03
XI.NS,Materials,144,1813.34,261120.96,0.07514157565685019,2025-11-03
ZETA.NS,Industrials,174,1521.64,264765.36000000004,0.07619030785484696,2025-11-03
ALPHA.NS,Technology,428,634.31,271484.68,0.07651384744808087,2025-12-01
BETA.NS,Technology,1565,168.6,263859.0,0.07436466497410893,2025-12-01
EPSILON.NS,Industrials,494,544.66,269062.04,0.07583106303688823,2025-12-01
ETA.NS,Healthcare,512,532.97,272880.64,0.076907277642682,2025-12-01
GAMMA.NS,Financials,2120,127.74,270808.8,0.0763233609012407,2025-12-01
IOTA.NS,Consumer,443,623.46,276192.78,0.07784075416403373,2025-12-01
KAPPA.NS,Consumer,326,837.68,273083.68,0.07696450139315608,2025-12-01
LAMBDA.NS,Energy,1034,268.16,277277.44,0.07814644916595072,2025-12-01
MU.NS,Energy,199,1391.48,276904.52,0.07804134730904175,2025-12-01
NU.NS,Materials,389,689.59,268250.51,0.07560234559095523,2025-12-01
PI.NS,Utilities,602,459.16,276414.32,0.07790319185946334,2025-12-01
SIGMA.NS,Telecom,136,2009.16,273245.76,0.07701018118766377,2025-12-01
ZETA.NS,Industrials,162,1661.03,269086.86,0.07583805817817453,2025-12-01
