date,portfolio_value,cash,holdings_value,net_contribution,monthly_return,drawdown
2019-01-31,100000.0,100000.0,0.0,0.0,,0.0
2019-02-28,115043.02263999998,1700.1926399999975,113342.82999999999,0.0,0.1504302263999997,0.0
2019-03-31,133335.23855999997,1901.878559999996,131433.36,0.0,0.15900326243375207,0.0
2019-04-30,161083.64384000003,1561.4038400000027,159522.24000000002,0.0,0.20811006587364722,0.0
2019-05-31,186098.20834,1504.3783400000038,184593.83000000002,0.0,0.15528928886688376,0.0
2019-06-30,205084.76954,2190.369540000007,202894.4,0.0,0.10202441694286324,0.0
2019-07-31,230082.7838,2382.183800000006,227700.6,0.0,0.12189112978048011,0.0
2019-08-31,256182.37193999998,2227.311939999983,253955.06,0.0,0.11343564133284789,0.0
2019-09-30,280977.49418,2758.2141799999736,278219.28,0.0,0.09678699612402375,0.0
2019-10-31,303173.44399999996,2109.9439999999727,301063.5,0.0,0.07899547216326441,0.0
2019-11-30,326744.9536799999,1973.333679999978,324771.61999999994,0.0,0.07774925590118631,0.0
2019-12-31,355458.41154000006,2252.8115399999815,353205.6000000001,0.0,0.08787728023527763,0.0
2020-01-31,384747.46566000005,2512.4056599999785,382235.06000000006,0.0,0.08239797728546394,0.0
2020-02-29,398092.0553,2992.7452999999805,395099.31000000006,0.0,0.034684022199102715,0.0
2020-03-31,417834.61296000006,2101.9429599999567,415732.6700000001,0.0,0.049592945644499675,0.0
2020-04-30,444283.77411999996,3004.034119999971,441279.74,0.0,0.06330055083907538,0.0
2020-05-31,479023.43725999986,3393.5672599999452,475629.86999999994,0.0,0.07819250930063637,0.0
2020-06-30,516576.7887599999,2275.6987599999447,514301.08999999997,0.0,0.07839564534629906,0.0
2020-07-31,547185.8090199999,3110.299019999953,544075.51,0.0,0.05925357260722941,0.0
2020-08-31,577499.81428,3100.514279999952,574399.3,0.0,0.05539983815423133,0.0
2020-09-30,607534.2594199999,3180.579419999949,604353.6799999999,0.0,0.052007713937441524,0.0
2020-10-31,624819.9846199999,3249.5446199999424,621570.44,0.0,0.028452264101949343,0.0
2020-11-30,663555.79808,2493.148079999979,661062.65,0.0,0.061995157666985046,0.0
2020-12-31,646578.6147399999,2596.284739999959,643982.33,0.0,-0.025585163130400823,-0.025585163130400823
2021-01-31,695785.7784399999,2254.598439999958,693531.1799999999,0.0,0.07610391463346966,0.0
2021-02-28,714037.4251199998,2298.755119999929,711738.6699999999,0.0,0.02623170413301823,0.0
2021-03-31,747580.6350599999,3033.4350599999234,744547.2,0.0,0.04697682328676667,0.0
2021-04-30,778608.4837799999,5675.013779999907,772933.47,0.0,0.04150435052067625,0.0
2021-05-31,807350.9001999999,4048.4301999999143,803302.47,0.0,0.036915108194635726,0.0
2021-06-30,825303.2268,4245.696799999916,821057.53,0.0,0.022236089159686,0.0
2021-07-31,843041.9397599999,3614.0597599999173,839427.8799999999,0.0,0.02149357034356858,0.0
2021-08-31,878278.6655399998,3367.365539999897,874911.2999999999,0.0,0.04179712078147779,0.0
2021-09-30,931150.4147399999,3264.254739999881,927886.16,0.0,0.06019928671214214,0.0
2021-10-31,969348.8134999999,3627.67349999987,965721.14,0.0,0.04102280163905192,0.0
2021-11-30,984153.8182399999,4037.59823999989,980116.2200000001,0.0,0.01527314474811603,0.0
2021-12-31,1037706.8440799998,25503.644079999907,1012203.2,0.0,0.054415300583572135,0.0
2022-01-31,1045330.0072399997,4350.5672399998875,1040979.4399999998,0.0,0.007346162553990343,0.0
2022-02-28,1087467.1323199996,3486.6323199998988,1083980.4999999998,0.0,0.04030987801761787,0.0
2022-03-31,1120075.53168,4293.261679999894,1115782.27,0.0,0.029985641304334232,0.0
2022-04-30,1170433.93588,4206.045879999874,1166227.8900000001,0.0,0.04495982884695948,0.0
2022-05-31,1168614.27028,4624.600279999868,1163989.6700000002,0.0,-0.0015546931306565925,-0.0015546931306565925
2022-06-30,1217879.36926,4330.799259999883,1213548.57,0.0,0.04215685212212583,0.0
2022-07-31,1264576.6722999997,4348.052299999877,1260228.6199999999,0.0,0.038343126764987856,0.0
2022-08-31,1290486.0396999998,3670.0796999999147,1286815.96,0.0,0.02048856978586855,0.0
2022-09-30,1293504.88062,4586.230619999886,1288918.6500000001,0.0,0.0023393053680007547,0.0
2022-10-31,1352226.3272399998,4497.9772399998765,1347728.3499999999,0.0,0.04539715891280882,0.0
2022-11-30,1421743.8241599998,54165.60415999991,1367578.22,0.0,0.0514096608826502,0.0
2022-12-31,1471458.44478,5034.734779999875,1466423.7100000002,0.0,0.03496735471973844,0.0
2023-01-31,1557032.1710999997,4747.001099999867,1552285.17,0.0,0.05815572068893449,0.0
2023-02-28,1621763.9411199999,4657.241119999817,1617106.7,0.0,0.041573816663190044,0.0
2023-03-31,1673335.3169399996,6282.986939999813,1667052.3299999998,0.0,0.031799557575798776,0.0
2023-04-30,1747569.8349600001,5502.0649599998,1742067.7700000003,0.0,0.04436320519174353,0.0
2023-05-31,1828385.3142799998,5589.784279999818,1822795.53,0.0,0.04624449203876857,0.0
2023-06-30,1894450.75684,7591.856839999848,1886858.9000000001,0.0,0.03613321658406332,0.0
2023-07-31,1950570.6620399996,7102.722039999848,1943467.9399999997,0.0,0.02962331166295895,0.0
2023-08-31,2006283.6113399998,7617.78133999987,1998665.8299999998,0.0,0.028562384528911577,0.0
2023-09-30,2050952.3277200002,7847.57771999987,2043104.7500000002,0.0,0.022264407747499826,0.0
2023-10-31,2123414.0782399997,5724.158239999902,2117689.92,0.0,0.035330782456827636,0.0
2023-11-30,2187026.58214,6147.102139999915,2180879.48,0.0,0.029957653832984876,0.0
2023-12-31,2257843.9113,73257.54129999992,2184586.37,0.0,0.032380643993227265,0.0
2024-01-31,2303334.61778,7927.957779999881,2295406.66,0.0,0.020147852671448918,0.0
2024-02-29,2342147.6796799996,7122.379679999925,2335025.3,0.0,0.016850813425193234,0.0
2024-03-31,2430712.02998,8492.779979999937,2422219.25,0.0,0.03781330744784661,0.0
2024-04-30,2459417.85336,7321.093359999941,2452096.7600000002,0.0,0.011809635623614367,0.0
2024-05-31,2559657.1727,9570.332700000026,2550086.84,0.0,0.040757335807355854,0.0
2024-06-30,2498553.05366,9786.60366000004,2488766.45,0.0,-0.02387199336368373,-0.02387199336368373
2024-07-31,2586113.78258,8055.612580000121,2578058.17,0.0,0.03504457461559052,0.0
2024-08-31,2645125.4334400003,8475.003440000222,2636650.43,0.0,0.022818659897140492,0.0
2024-09-30,2759052.8600200005,5893.590020000167,2753159.2700000005,0.0,0.043070708534164615,0.0
2024-10-31,2792064.6650799997,66766.77508000024,2725297.8899999997,0.0,0.011964904891224037,0.0
2024-11-30,2890820.7338200007,6422.243820000207,2884398.49,0.0,0.03537026558701539,0.0
2024-12-31,2875802.9240400004,9150.76404000021,2866652.16,0.0,-0.005194998639765358,-0.005194998639765358
2025-01-31,2952684.9797400003,10406.279740000202,2942278.7,0.0,0.026734118342154778,0.0
2025-02-28,3003150.940240001,9168.050240000215,2993982.8900000006,0.0,0.01709154916500588,0.0
2025-03-31,3069367.3463200005,9947.676320000202,3059419.6700000004,0.0,0.022048977023681582,0.0
2025-04-30,3123284.48874,10642.318740000192,3112642.17,0.0,0.017566207083242524,0.0
2025-05-31,3121724.71694,11370.126940000308,3110354.59,0.0,-0.00049940112904312,-0.00049940112904312
2025-06-30,3161637.6085000006,10356.778500000306,3151280.83,0.0,0.012785525688224109,0.0
2025-07-31,3328215.0227000006,10045.372700000553,3318169.65,0.0,0.05268706753492558,0.0
2025-08-31,3376022.6204000004,11173.140400000466,3364849.48,0.0,0.014364335649568627,0.0
2025-09-30,3341314.7429400003,11808.932940000494,3329505.8099999996,0.0,-0.010280700505462814,-0.010280700505462814
2025-10-31,3446830.758420001,10475.508420000504,3436355.2500000005,0.0,0.03157919070717585,0.0
2025-11-30,3517721.3578000003,11508.207800000602,3506213.15,0.0,0.02056689299491321,0.0
2025-12-31,3621828.39238,9626.052380000416,3612202.34,0.0,0.029595020182357157,0.0
